Date,Open,High,Low,Close,Volume,Change
2011-07-18,13440,13440,13395,13420,6638,
2011-07-19,13400,13400,13350,13350,55,-0.005216095380029762
2011-07-20,13455,13570,13455,13530,24,0.01348314606741563
2011-07-21,13485,13570,13485,13570,658,0.002956393200295615
2011-07-22,13710,13765,13710,13765,41,0.014369933677229163
2011-07-25,13615,13615,13605,13605,564,-0.011623683254631256
2011-07-26,13610,13620,13605,13620,270,0.0011025358324145973
2011-07-27,13600,13600,13580,13590,143,-0.0022026431718061845
2011-07-28,13325,13345,13300,13345,630,-0.018027961736571063
2011-07-29,13295,13295,13255,13290,79,-0.004121393780442073
2011-08-01,13295,13395,13295,13395,823,0.007900677200902928
2011-08-02,13150,13150,13100,13145,1448,-0.018663680477790212
2011-08-03,12805,12805,12745,12805,461,-0.025865348041080205
2011-08-04,12915,12915,12860,12910,1051,0.008199921905505558
2011-08-05,12340,12340,12210,12285,1247,-0.04841208365608052
2011-08-08,11975,12075,11975,12045,298,-0.019536019536019578
2011-08-09,11345,11365,11150,11365,807,-0.05645496056454957
2011-08-10,11950,12060,11950,11950,429,0.05147382314122306
2011-08-11,11560,11710,11475,11710,385,-0.020083682008368187
2011-08-12,12000,12000,11860,11870,11,0.01366353543979515
2011-08-16,12285,12285,12185,12240,60,0.031171019376579512
2011-08-17,12155,12170,12095,12170,83,-0.005718954248365993
2011-08-18,12175,12175,12080,12090,66,-0.006573541495480728
2011-08-19,11640,11640,11590,11615,48,-0.03928866832092637
2011-08-22,11460,11540,11445,11485,405,-0.01119242359018513
2011-08-23,11515,11605,11515,11605,477,0.0104484109708316
2011-08-24,11795,11830,11720,11775,522,0.014648858250754015
2011-08-25,11985,11995,11920,11950,69,0.014861995753715496
2011-08-26,11870,11930,11870,11870,3013,-0.006694560669456062
2011-08-29,11990,12120,11990,12120,3078,0.021061499578769904
2011-08-30,12300,12370,12300,12340,56,0.018151815181518094
2011-08-31,12330,12335,12330,12335,215,-0.0004051863857373883
2011-09-01,12420,12480,12420,12425,195,0.007296311309282544
2011-09-02,12315,12315,12265,12265,219,-0.012877263581488885
2011-09-05,11925,11925,11885,11900,36,-0.02975947818997149
2011-09-06,11685,11715,11675,11675,589,-0.018907563025210128
2011-09-07,11920,11995,11920,11960,657,0.02441113490364022
2011-09-08,12305,12305,12225,12225,18,0.022157190635451407
2011-09-09,12130,12200,12130,12160,82,-0.005316973415132931
2011-09-14,12010,12010,11865,11865,375,-0.024259868421052655
2011-09-15,12130,12205,12100,12100,1117,0.019806152549515454
2011-09-16,12370,12440,12370,12425,140,0.026859504132231482
2011-09-19,12300,12350,12300,12300,876,-0.010060362173038184
2011-09-20,12260,12295,12210,12275,1169,-0.002032520325203291
2011-09-21,12290,12390,12290,12355,824,0.006517311608961407
2011-09-22,11935,11935,11820,11835,601,-0.04208822339133955
2011-09-23,11595,11640,11470,11580,212,-0.021546261089987362
2011-09-26,11645,11645,11540,11540,59,-0.003454231433506094
2011-09-27,11840,11915,11840,11915,153,0.03249566724436748
2011-09-28,11980,11980,11975,11980,503,0.0054553084347461755
2011-09-29,11770,11900,11770,11875,330,-0.008764607679465741
2011-09-30,11890,11890,11810,11855,7700,-0.0016842105263158436
2011-10-04,11195,11205,11130,11200,2532,-0.0552509489666807
2011-10-05,11435,11465,11390,11390,82,0.016964285714285765
2011-10-06,12500,13065,11415,11620,2072,0.02019315188762083
2011-10-07,11910,11910,11875,11875,590,0.02194492254733227
2011-10-10,11985,12020,11985,12020,15,0.01221052631578945
2011-10-11,11855,12230,11855,12230,4696,0.017470881863560717
2011-10-12,12155,12170,12155,12170,92,-0.004905968928863413
2011-10-13,12335,12335,12335,12335,10,0.013557929334429009
2011-10-14,12315,12315,12315,12315,15,-0.0016214025131738863
2011-10-17,12505,12640,12505,12620,87,0.024766544863987106
2011-10-18,12280,12295,12270,12295,9,-0.02575277337559434
2011-10-19,12530,12530,12530,12530,1,0.019113460756404965
2011-10-20,12465,12465,12360,12395,201,-0.010774142059058245
2011-10-21,12485,12485,12475,12485,31,0.007260992335619276
2011-10-24,12710,12770,12650,12720,300,0.018822587104525335
2011-10-25,12840,12840,12760,12760,31,0.003144654088050425
2011-10-26,12630,12630,12620,12620,197,-0.010971786833855801
2011-10-27,12815,12930,12775,12875,14,0.020206022187004846
2011-10-28,13165,13215,13165,13215,201,0.026407766990291348
2011-10-31,13115,13115,13090,13090,42,-0.009458948164964065
2011-11-01,12815,12840,12750,12750,290,-0.025974025974025983
2011-11-02,12585,12625,12505,12625,146,-0.009803921568627416
2011-11-03,12570,12570,12515,12555,43,-0.0055445544554455495
2011-11-04,12880,12880,12825,12850,333,0.023496614894464418
2011-11-07,12905,12905,12860,12860,62,0.0007782101167315147
2011-11-08,12905,12905,12905,12905,392,0.003499222395023427
2011-11-09,13045,13100,13045,13045,28,0.010848508330104645
2011-11-10,12585,12605,12585,12605,120,-0.03372939823687238
2011-11-11,12680,12790,12675,12790,53,0.014676715589051925
2011-11-14,13250,13305,13250,13260,140,0.036747458952306467
2011-11-15,12790,12795,12760,12760,783,-0.037707390648567096
2011-11-16,12865,12915,12815,12815,521,0.004310344827586299
2011-11-17,12465,12730,12425,12730,14666,-0.006632852126414401
2011-11-18,12480,12515,12445,12495,262,-0.01846032992930091
2011-11-21,12420,12420,12350,12350,457,-0.011604641856742703
2011-11-22,12280,12315,12260,12260,114,-0.0072874493927125306
2011-11-23,12205,12205,12005,12010,794,-0.020391517128874437
2011-11-24,11950,11955,11885,11945,563,-0.005412156536219848
2011-11-25,11875,11875,11865,11865,13,-0.006697362913352878
2011-11-28,12065,12090,12005,12085,1019,0.018541930046354738
2011-11-29,12210,12210,12140,12200,127,0.009515928837401821
2011-11-30,12245,12245,12205,12230,23,0.0024590163934425924
2011-12-01,12700,12780,12700,12765,578,0.04374488961569911
2011-12-02,12785,12815,12785,12800,103,0.0027418723070897766
2011-12-05,12895,12895,12895,12895,1,0.007421874999999911
2011-12-06,0,0,0,12820,0,-0.005816207832493259
2011-12-07,12945,12945,12905,12930,26,0.00858034321372858
2011-12-08,13045,13090,13045,13050,72,0.009280742459396807
2011-12-09,12765,12790,12730,12730,212,-0.02452107279693483
2011-12-12,12950,12950,12890,12940,60,0.016496465043205122
2011-12-13,12740,12740,12725,12725,162,-0.016615146831530092
2011-12-14,12640,12640,12640,12640,1,-0.0066797642436149385
2011-12-15,12480,12480,12390,12390,676,-0.019778481012658222
2011-12-16,12480,12550,12480,12535,687,0.011702986279257477
2011-12-19,12435,12450,12415,12415,154,-0.009573195053849237
2011-12-20,12465,12465,12465,12465,5,0.004027386226339136
2011-12-21,12790,12790,12730,12735,733,0.02166064981949467
2011-12-22,12785,12785,12775,12775,10,0.003140950137416665
2011-12-23,12890,12990,12890,12990,115,0.016829745596868895
2011-12-26,13160,13160,12975,13075,602,0.0065434949961509226
2011-12-27,13070,13070,13070,13070,35,-0.0003824091778202865
2011-12-28,13060,13060,13020,13020,102,-0.0038255547054323324
2011-12-29,12925,12925,12885,12890,28,-0.009984639016897057
2012-01-02,12990,12990,12895,12990,103,0.007757951900698279
2012-01-03,13015,13015,12910,12995,899,0.00038491147036179285
2012-01-04,13280,13385,13110,13110,927,0.008849557522123908
2012-01-05,13170,13170,13120,13120,6,0.0007627765064837089
2012-01-06,13120,13120,13120,13120,1,0.0
2012-01-09,13085,13130,13080,13130,454,0.0007621951219511924
2012-01-10,13195,13240,13195,13240,452,0.008377760853008454
2012-01-11,13290,13290,13260,13260,4,0.0015105740181269312
2012-01-12,13285,13325,13275,13275,11,0.0011312217194570096
2012-01-13,13375,13405,13370,13405,18,0.009792843691148745
2012-01-16,13265,13265,13240,13240,4,-0.012308839985080144
2012-01-17,13395,13395,13395,13395,3,0.011706948640483494
2012-01-18,0,0,0,13395,0,0.0
2012-01-19,0,0,0,13445,0,0.0037327360955581312
2012-01-20,13500,13500,13500,13500,16,0.004090740052064001
2012-01-25,13620,13620,13580,13580,14,0.00592592592592589
2012-01-26,13615,13655,13615,13655,14,0.005522827687776122
2012-01-27,13610,13610,13610,13610,34,-0.003295496155254485
2012-01-30,13505,13515,13460,13515,781,-0.006980161645848693
2012-01-31,13520,13520,13520,13520,781,0.00036995930447658587
2012-02-01,13505,13570,13505,13570,3,0.0036982248520709415
2012-02-02,13660,13695,13660,13695,22,0.009211495946941817
2012-02-03,13690,13690,13690,13690,28,-0.0003650967506388936
2012-02-06,13805,13805,13805,13805,14,0.008400292184076008
2012-02-07,13885,13885,13835,13835,37,0.002173125679101773
2012-02-08,13870,13880,13870,13880,51,0.003252620166245057
2012-02-09,13870,13900,13870,13900,3,0.0014409221902016434
2012-02-10,13900,13900,13900,13900,2,0.0
2012-02-13,13910,13965,13910,13965,14,0.004676258992805771
2012-02-14,13955,13955,13900,13900,20,-0.0046544933762978635
2012-02-15,13960,14060,13960,14060,9368,0.011510791366906581
2012-02-16,13865,13865,13815,13815,22,-0.017425320056899007
2012-02-17,13985,14055,13985,14055,371,0.017372421281216077
2012-02-20,14175,14180,14125,14175,126,0.008537886872998834
2012-02-21,14085,14105,14085,14105,8,-0.004938271604938316
2012-02-22,14085,14115,14085,14115,101,0.0007089684509038463
2012-02-23,0,0,0,14055,0,-0.004250797024442088
2012-02-24,14155,14155,14155,14155,350,0.007114905727499066
2012-02-27,14155,14155,14135,14145,114,-0.0007064641469445299
2012-02-28,14180,14180,14180,14180,6,0.002474372569812644
2012-02-29,14230,14240,14230,14240,4,0.004231311706629048
2012-03-02,13835,14275,13835,14275,111,0.002457865168539408
2012-03-05,14145,14200,14145,14160,9456,-0.008056042031523658
2012-03-06,14115,14165,14100,14110,212,-0.003531073446327637
2012-03-07,13955,13970,13950,13950,139,-0.01133947554925585
2012-03-08,14035,14035,13980,14010,126,0.004301075268817289
2012-03-09,14180,14180,14160,14170,58,0.01142041399000715
2012-03-12,14235,14235,14200,14200,177,0.0021171489061397875
2012-03-13,14250,14310,14250,14310,31,0.007746478873239537
2012-03-14,14470,14485,14425,14485,15,0.012229210342417973
2012-03-15,14470,14495,14470,14495,31,0.0006903693476010275
2012-03-16,14550,14550,14540,14540,59,0.0031045187995859536
2012-03-19,14610,14615,14605,14615,116,0.005158184319119741
2012-03-20,14600,14600,14600,14600,1,-0.0010263427984946727
2012-03-21,14550,14640,14550,14630,136,0.00205479452054802
2012-03-22,14600,14600,14530,14530,402,-0.00683526999316475
2012-03-23,14505,14505,14500,14500,3,-0.002064693737095613
2012-03-26,14515,14570,14515,14570,64,0.004827586206896495
2012-03-27,14725,14765,14725,14725,20,0.010638297872340496
2012-03-28,14700,14700,14645,14645,97,-0.005432937181663822
2012-03-29,14630,14630,14570,14570,130,-0.005121201775349915
2012-03-30,14595,14595,14540,14540,81,-0.0020590253946465298
2012-04-02,14660,14660,14660,14660,16,0.008253094910591452
2012-04-03,14690,14750,14690,14750,56,0.006139154160982319
2012-04-04,14690,14690,14655,14655,38,-0.006440677966101704
2012-04-05,14585,14585,14540,14560,49,-0.006482429205049489
2012-04-06,14520,14555,14520,14540,7109,-0.0013736263736263687
2012-04-09,14345,14350,14310,14315,709,-0.015474552957359
2012-04-10,14370,14390,14370,14390,1398,0.005239259517988204
2012-04-12,14270,14280,14205,14280,224,-0.007644197359277238
2012-04-13,14470,14470,14420,14445,162,0.011554621848739455
2012-04-16,14240,14265,14230,14230,7764,-0.014884042921426088
2012-04-17,14270,14270,14260,14260,65,0.0021082220660575413
2012-04-18,14285,14420,14285,14420,31358,0.011220196353436185
2012-04-19,14435,14435,14435,14435,2080,0.0010402219140084323
2012-04-20,14310,14350,14310,14315,57,-0.008313127814340127
2012-04-23,14315,14325,14315,14315,332,0.0
2012-04-24,14260,14290,14240,14270,1778,-0.0031435557107928336
2012-04-25,14335,14380,14335,14380,201,0.007708479327259932
2012-04-26,14500,14520,14500,14505,359,0.008692628650904144
2012-04-27,14580,14580,14565,14565,102,0.004136504653567741
2012-04-30,14640,14650,14635,14650,603,0.005835907998626766
2012-05-02,14690,14690,14645,14665,809,0.0010238907849828838
2012-05-03,14575,14625,14575,14610,218,-0.0037504261847937093
2012-05-04,14525,14525,14455,14505,97,-0.007186858316221789
2012-05-07,14110,14115,14100,14100,1073,-0.02792140641158225
2012-05-08,14230,14245,14220,14240,1215,0.0099290780141843
2012-05-09,14215,14215,14100,14170,542,-0.004915730337078705
2012-05-10,14080,14170,14080,14130,238,-0.0028228652081863093
2012-05-11,14055,14110,14055,14075,1208,-0.0038924274593064023
2012-05-14,14055,14055,14055,14055,1050,-0.001420959147424461
2012-05-15,14000,14010,13960,14010,64,-0.0032017075773745907
2012-05-16,13940,13940,13890,13890,66,-0.008565310492505307
2012-05-17,13885,13905,13850,13905,137,0.001079913606911509
2012-05-18,13640,13640,13515,13550,161,-0.025530384753685742
2012-05-21,13550,13565,13505,13565,88,0.0011070110701107971
2012-05-22,13770,13770,13750,13750,353,0.01363803907113903
2012-05-23,13720,13720,13650,13670,662,-0.0058181818181818334
2012-05-24,13685,13750,13685,13750,767,0.00585223116313105
2012-05-25,13785,13785,13785,13785,18,0.0025454545454546285
2012-05-29,13795,13795,13795,13795,2,0.0007254261878852919
2012-05-30,13920,13920,13890,13895,11075,0.007249003262051579
2012-05-31,13710,13710,13660,13680,258,-0.015473191795609909
2012-06-01,13575,13620,13575,13620,2,-0.004385964912280715
2012-06-04,13265,13265,13205,13255,99,-0.02679882525697508
2012-06-05,13370,13370,13370,13370,104,0.00867597133157294
2012-06-07,13735,13750,13735,13750,156,0.02842183994016456
2012-06-08,13655,13655,13655,13655,1,-0.006909090909090865
2012-06-11,14060,14060,13985,14015,21,0.02636396924203588
2012-06-12,13675,13725,13675,13725,83,-0.02069211559043882
2012-06-13,13825,13840,13775,13840,62,0.00837887067395271
2012-06-14,13765,13795,13735,13795,52,-0.0032514450867051625
2012-06-15,13895,13910,13895,13905,123,0.00797390358825667
2012-06-18,14170,14170,14120,14120,26,0.015462064005753229
2012-06-19,14045,14045,14045,14045,20,-0.005311614730878156
2012-06-20,14130,14165,14125,14125,2211,0.005695977216091164
2012-06-21,14180,14180,14085,14125,53,0.0
2012-06-22,13835,13880,13835,13880,110,-0.0173451327433628
2012-06-25,13870,13870,13835,13850,707,-0.002161383285302576
2012-06-26,13725,13765,13715,13715,140,-0.00974729241877259
2012-06-27,13810,13810,13810,13810,10,0.006926722566533039
2012-06-28,13920,13935,13900,13905,129,0.006879073135409142
2012-06-29,14045,14045,14045,14045,102,0.010068320747932402
2012-07-02,14200,14240,14200,14200,12,0.01103595585617656
2012-07-03,14260,14275,14250,14275,312,0.005281690140845008
2012-07-04,14385,14395,14340,14395,103,0.00840630472854631
2012-07-05,14340,14340,14320,14320,20,-0.005210142410559171
2012-07-06,14325,14325,14280,14280,30,-0.0027932960893854997
2012-07-09,14175,14185,14155,14155,7,-0.008753501400560193
2012-07-10,14160,14160,14120,14120,43,-0.0024726245143058545
2012-07-11,14035,14040,14025,14040,180,-0.005665722379603388
2012-07-12,14000,14040,14000,14040,29,0.0
2012-07-13,14015,14030,14015,14020,4,-0.0014245014245014564
2012-07-16,14150,14150,14150,14150,1,0.00927246790299563
2012-07-17,14175,14220,14175,14190,2184,0.002826855123674976
2012-07-18,14295,14295,14200,14200,3122,0.0007047216349542751
2012-07-19,14420,14420,14420,14420,41,0.015492957746478853
2012-07-20,14410,14410,14410,14410,10,-0.0006934812760055475
2012-07-23,14230,14230,14230,14230,472,-0.012491325468424685
2012-07-24,14115,14125,14115,14125,225,-0.0073787772312017275
2012-07-25,13925,13960,13900,13930,666,-0.013805309734513327
2012-07-26,14050,14055,14045,14055,467,0.008973438621679763
2012-07-27,14220,14290,14220,14290,365,0.01672002845962295
2012-07-30,14465,14500,14465,14500,6,0.01469559132260323
2012-07-31,14480,14590,14480,14590,9,0.006206896551724128
2012-08-01,14450,14455,14430,14455,171,-0.009252912954078152
2012-08-02,14445,14450,14365,14450,127,-0.0003459010722933753
2012-08-03,14300,14335,14295,14295,32,-0.01072664359861597
2012-08-06,14635,14645,14585,14625,207,0.023084994753410193
2012-08-07,14625,14625,14575,14575,15,-0.0034188034188034067
2012-08-08,14640,14680,14640,14675,210,0.006861063464836947
2012-08-09,14705,14765,14700,14715,73,0.002725724020443021
2012-08-10,14675,14675,14670,14675,504,-0.0027183146449201168
2012-08-13,14720,14720,14675,14675,65,0.0
2012-08-14,14745,14765,14745,14765,167,0.006132879045996686
2012-08-16,14780,14790,14735,14790,37,0.0016931933626820328
2012-08-17,14865,14870,14865,14870,2,0.005409060175794567
2012-08-20,14875,14890,14875,14890,5,0.0013449899125757003
2012-08-21,14895,14900,14885,14900,207,0.000671591672263272
2012-08-22,14860,14860,14795,14815,9,-0.005704697986577134
2012-08-23,14865,14915,14865,14910,21,0.006412419844751938
2012-08-24,14780,14780,14755,14755,18,-0.010395707578806146
2012-08-27,14850,14855,14850,14850,209,0.006438495425279633
2012-08-28,14835,14835,14780,14810,1457,-0.002693602693602748
2012-08-29,14835,14835,14835,14835,1,0.0016880486158001862
2012-08-30,14745,14780,14740,14770,113,-0.004381530165149972
2012-08-31,14710,14720,14700,14710,83,-0.004062288422478022
2012-09-03,14860,14860,14725,14755,1673,0.00305914343983682
2012-09-04,14800,14830,14785,14785,1118,0.0020332090816672643
2012-09-05,14775,14775,14775,14775,13,-0.000676361176868423
2012-09-06,0,0,0,14780,0,0.00033840947546526223
2012-09-07,15080,15090,15045,15090,109,0.020974289580514283
2012-09-10,15095,15095,15095,15095,2,0.00033134526176281653
2012-09-11,15035,15035,14995,15000,168,-0.006293474660483578
2012-09-12,15100,15100,15100,15100,7,0.006666666666666599
2012-09-13,15115,15165,15115,15150,309,0.0033112582781456013
2012-09-14,15390,15415,15335,15400,1880,0.01650165016501659
2012-09-17,15405,15405,15360,15360,4,-0.0025974025974025983
2012-09-18,15350,15350,15350,15350,6,-0.0006510416666666297
2012-09-19,15385,15385,15385,15385,80,0.0022801302931596545
2012-09-20,15375,15375,15310,15310,70,-0.004874878128046767
2012-09-21,15410,15415,15410,15415,8,0.006858262573481433
2012-09-24,15385,15385,15350,15360,18,-0.003567953292247794
2012-09-25,15355,15355,15355,15355,1,-0.00032552083333337034
2012-09-26,15230,15240,15225,15240,153,-0.007489417127971354
2012-09-27,15145,15175,15145,15175,143,-0.00426509186351709
2012-09-28,15270,15275,15220,15275,3702,0.006589785831960571
2012-10-02,15220,15225,15170,15225,368,-0.00327332242225864
2012-10-04,15325,15325,15325,15325,24,0.006568144499178974
2012-10-05,15380,15420,15380,15420,122,0.006199021207177857
2012-10-08,15420,15420,15395,15400,905,-0.0012970168612191912
2012-10-09,15365,15365,15325,15365,898,-0.002272727272727315
2012-10-10,15180,15180,15165,15165,11,-0.013016596160104088
2012-10-11,15025,15110,15025,15110,327,-0.0036267721727661906
2012-10-12,15135,15135,15135,15135,29,0.0016545334215751772
2012-10-15,15050,15050,15010,15010,106,-0.008259002312520636
2012-10-16,15190,15230,15190,15190,1984,0.011992005329780175
2012-10-17,15330,15370,15330,15370,101,0.011849901250822859
2012-10-18,15390,15430,15390,15430,51,0.0039037085230968493
2012-10-19,15385,15385,15350,15350,60,-0.005184705119896327
2012-10-22,15085,15085,15085,15085,1442,-0.017263843648208432
2012-10-23,15140,15140,15120,15125,82,0.0026516407026848654
2012-10-24,14940,14940,14895,14940,169,-0.012231404958677694
2012-10-25,14890,14890,14890,14890,26,-0.0033467202141901353
2012-10-26,14900,14900,14900,14900,1797,0.000671591672263272
2012-10-29,14885,14885,14840,14840,333,-0.004026845637583931
2012-10-30,14840,14840,14780,14835,21,-0.0003369272237196963
2012-10-31,14960,14960,14920,14960,54,0.008426019548365415
2012-11-01,14880,14880,14870,14870,146,-0.006016042780748632
2012-11-02,15100,15100,15040,15085,187,0.01445864156018839
2012-11-05,14900,14900,14850,14850,620,-0.01557838912827314
2012-11-06,14955,14955,14955,14955,14,0.007070707070707005
2012-11-07,15095,15095,15095,15095,140,0.009361417586091658
2012-11-08,14710,14750,14710,14740,130,-0.02351772109970185
2012-11-09,14595,14595,14590,14590,122,-0.010176390773405708
2012-11-12,14580,14580,14575,14580,3,-0.0006854009595613775
2012-11-13,14595,14595,14595,14595,116,0.0010288065843622185
2012-11-14,14555,14555,14555,14555,106,-0.0027406646111681754
2012-11-15,14190,14355,14190,14355,18818,-0.013740982480247355
2012-11-16,14320,14320,14270,14270,744,-0.005921281783350718
2012-11-19,14480,14490,14440,14490,20034,0.015416958654519863
2012-11-20,14680,14680,14610,14610,9739,0.008281573498964745
2012-11-21,14710,14710,14710,14710,262,0.00684462696783017
2012-11-22,14710,14775,14710,14775,5047,0.004418762746430938
2012-11-23,14795,14795,14730,14730,24004,-0.003045685279187804
2012-11-26,14845,14865,14845,14865,22,0.009164969450101923
2012-11-27,14930,14940,14870,14940,6347,0.005045408678102881
2012-11-28,14780,14830,14780,14830,8092,-0.007362784471218187
2012-11-29,14925,14925,14920,14925,371,0.006405933917734252
2012-11-30,14940,15005,14940,15000,437,0.005025125628140614
2012-12-03,14965,15050,14965,15015,888,0.0009999999999998899
2012-12-04,14935,14935,14935,14935,171,-0.00532800532800537
2012-12-05,14900,14930,14900,14930,1354,-0.00033478406427855933
2012-12-06,14965,14965,14910,14910,512,-0.0013395847287340779
2012-12-07,15015,15015,15015,15015,2,0.007042253521126751
2012-12-10,15055,15055,15005,15055,26,0.002664002664002574
2012-12-11,15055,15055,15045,15045,13,-0.0006642311524410749
2012-12-12,15210,15210,15165,15200,1157,0.010302426055167846
2012-12-13,15120,15170,15120,15130,978,-0.004605263157894779
2012-12-14,15085,15095,15085,15090,1201,-0.0026437541308658163
2012-12-17,15090,15090,15090,15090,0,0.0
2012-12-18,15185,15290,15185,15290,57,0.013253810470510219
2012-12-20,15180,15240,15180,15240,32,-0.0032701111837802888
2012-12-21,15350,15350,15115,15115,1097,-0.00820209973753283
2012-12-24,15170,15170,15115,15130,500,0.000992391663910075
2012-12-26,15080,15110,15080,15110,40351,-0.0013218770654329637
2012-12-27,15090,15095,15085,15095,76233,-0.0009927200529450397
2012-12-28,15090,15090,15050,15070,12208,-0.001656177542232573
2013-01-02,15190,15220,15190,15220,3216,0.00995355009953558
2013-01-03,15455,15530,15455,15495,1490,0.018068331143232585
2013-01-04,15500,15500,15450,15450,404,-0.0029041626331074433
2013-01-07,15510,15560,15510,15560,305,0.007119741100323651
2013-01-08,15530,15530,15460,15470,1796,-0.005784061696658127
2013-01-09,15510,15510,15470,15510,236,0.0025856496444731647
2013-01-10,15510,15565,15510,15565,197,0.0035460992907800915
2013-01-11,15630,15665,15630,15665,446,0.0064246707356248045
2013-01-14,15660,15690,15600,15635,589,-0.0019150973507819913
2013-01-15,15640,15645,15600,15605,202,-0.0019187719859290464
2013-01-16,15605,15650,15590,15650,153,0.002883691124639487
2013-01-17,15640,15640,15580,15610,521,-0.002555910543130979
2013-01-18,15680,15740,15680,15740,1278,0.00832799487508007
2013-01-21,15760,15810,15760,15810,162,0.004447268106734459
2013-01-22,15830,15835,15765,15815,991,0.00031625553447178767
2013-01-23,15850,15910,15850,15910,214,0.006006955422067639
2013-01-24,15850,15850,15790,15850,382,-0.0037712130735386706
2013-01-25,15900,15900,15840,15900,280,0.003154574132492094
2013-01-28,15970,15970,15910,15970,2050,0.00440251572327055
2013-01-29,15970,16005,15970,16005,7708,0.002191609267376382
2013-01-30,16080,16090,16025,16060,5460,0.0034364261168384758
2013-01-31,15975,15985,15940,15985,7565,-0.004669987546699894
2013-02-01,16010,16015,15955,16015,21956,0.001876759461995725
2013-02-04,16100,16130,16085,16115,15184,0.0062441461130191556
2013-02-05,15970,15995,15925,15995,30520,-0.007446478436239579
2013-02-06,16115,16115,16055,16115,12623,0.007502344482650747
2013-02-07,16110,16110,16090,16095,5810,-0.001241079739373263
2013-02-08,16090,16125,16050,16125,2774,0.0018639328984155767
2013-02-12,16190,16210,16105,16105,57474,-0.0012403100775193465
2013-02-13,16240,16240,16175,16235,3847,0.008072027320707775
2013-02-14,16220,16235,16155,16235,4007,0.0
2013-02-15,16225,16240,16205,16220,4019,-0.0009239297813365965
2013-02-18,16225,16235,16160,16235,4835,0.0009247842170161391
2013-02-19,16215,16230,16165,16170,6676,-0.0040036957191254
2013-02-20,16290,16355,16290,16350,3784,0.011131725417439675
2013-02-21,16135,16140,16070,16075,24337,-0.016819571865443472
2013-02-22,16080,16115,16020,16115,20673,0.002488335925350027
2013-02-25,16225,16225,16140,16180,13365,0.004033509152963077
2013-02-26,15870,15950,15850,15925,10613,-0.015760197775030904
2013-02-27,15965,15980,15950,15960,7656,0.00219780219780219
2013-02-28,16225,16245,16175,16245,3162,0.017857142857142794
2013-03-04,16220,16220,16100,16100,4067,-0.008925823330255489
2013-03-05,16310,16340,16310,16310,1074,0.01304347826086949
2013-03-06,16430,16475,16420,16425,2478,0.007050889025137952
2013-03-07,16480,16485,16460,16470,4680,0.00273972602739736
2013-03-08,16470,16520,16450,16520,11116,0.0030358227079538835
2013-03-11,16600,16655,16525,16605,6482,0.0051452784503631666
2013-03-12,16610,16665,16605,16655,4322,0.003011141222523328
2013-03-13,16635,16645,16575,16620,2066,-0.002101471029720803
2013-03-14,16645,16660,16610,16655,2204,0.002105896510228744
2013-03-15,16675,16745,16675,16745,6072,0.005403782647853461
2013-03-18,16530,16530,16440,16440,8240,-0.018214392355927145
2013-03-19,16585,16680,16585,16660,1828,0.01338199513381988
2013-03-20,16555,16570,16520,16520,1342,-0.008403361344537785
2013-03-21,16600,16675,16600,16675,4344,0.009382566585956376
2013-03-22,16555,16570,16520,16570,6057,-0.006296851574212892
2013-03-25,16710,16775,16690,16725,18849,0.00935425467712725
2013-03-26,16665,16675,16655,16675,2920,-0.002989536621823663
2013-03-27,16770,16775,16705,16750,9369,0.004497751124437732
2013-03-28,16740,16745,16640,16645,6095,-0.006268656716417964
2013-03-29,16745,16845,16745,16840,595,0.011715229798738402
2013-04-01,16875,16900,16750,16800,5187,-0.002375296912114022
2013-04-02,16755,16760,16685,16750,6612,-0.0029761904761904656
2013-04-03,16800,16870,16785,16850,14506,0.005970149253731405
2013-04-04,16680,16685,16630,16635,96536,-0.012759643916913976
2013-04-05,16680,16735,16670,16710,2915,0.004508566275924331
2013-04-08,16620,16680,16620,16680,796,-0.0017953321364452268
2013-04-09,16755,16820,16755,16820,558,0.008393285371702586
2013-04-10,16795,16845,16785,16835,3134,0.0008917954815694795
2013-04-11,16995,17065,16995,17065,6420,0.013662013662013583
2013-04-12,17075,17125,17045,17095,7832,0.0017579841781423244
2013-04-15,17045,17055,16995,16995,903,-0.005849663644340475
2013-04-16,16555,16960,16370,16735,4280,-0.015298617240364853
2013-04-17,16830,16895,16830,16890,1354,0.009262025694651843
2013-04-18,16840,16840,16615,16675,1511,-0.01272942569567792
2013-04-19,16650,16650,16550,16620,141733,-0.003298350824587737
2013-04-22,16665,16790,16665,16730,2844,0.006618531889289958
2013-04-23,16730,16760,16685,16760,2125,0.001793185893604221
2013-04-24,16955,16995,16890,16995,2107,0.01402147971360379
2013-04-25,16975,16995,16920,16995,1818,0.0
2013-04-26,16990,17050,16950,16965,8623,-0.001765225066195919
2013-04-29,16925,16990,16925,16990,5620,0.0014736221632773994
2013-04-30,17120,17125,17055,17125,134046,0.007945850500294283
2013-05-02,17030,17055,16990,17030,3547,-0.005547445255474459
2013-05-03,17105,17165,17105,17110,1233,0.004697592483851931
2013-05-06,17300,17355,17300,17300,2555,0.011104617182933874
2013-05-07,17360,17360,17310,17360,1316,0.003468208092485492
2013-05-08,17420,17470,17400,17455,44665,0.005472350230414813
2013-05-09,17575,17575,17540,17545,25209,0.005156115726153043
2013-05-10,17535,17550,17475,17550,11001,0.00028498147620403813
2013-05-13,17510,17510,17500,17510,75577,-0.002279202279202308
2013-05-14,17600,17605,17550,17570,19877,0.0034266133637921303
2013-05-15,17770,17770,17700,17770,5274,0.01138303927148554
2013-05-16,17845,17850,17810,17835,11131,0.00365785030951038
2013-05-20,17890,17940,17890,17940,5499,0.005887300252312766
2013-05-21,17940,17960,17890,17905,18681,-0.0019509476031215334
2013-05-22,17990,17990,17915,17980,35641,0.00418877408545093
2013-05-23,17880,17880,17735,17735,38191,-0.01362625139043383
2013-05-24,17800,17840,17780,17840,2057,0.005920496193966729
2013-05-27,17875,17875,17760,17850,2988,0.0005605381165918466
2013-05-28,17865,17865,17805,17865,23678,0.0008403361344537785
2013-05-29,17865,17865,17785,17855,11483,-0.0005597537083683601
2013-05-30,17775,17805,17745,17805,6130,-0.0028003360403248134
2013-05-31,17820,17875,17800,17800,6265,-0.0002808199943835632
2013-06-03,17615,17615,17560,17565,2348,-0.013202247191011263
2013-06-04,17605,17675,17605,17670,1106,0.005977796754910392
2013-06-05,17610,17630,17520,17520,2182,-0.008488964346349714
2013-06-07,17520,17535,17480,17525,12816,0.0002853881278539472
2013-06-10,17630,17735,17630,17735,5082,0.011982881597717654
2013-06-11,17735,17745,17685,17745,2653,0.0005638567803778471
2013-06-12,17620,17625,17560,17625,5032,-0.006762468300929858
2013-06-13,17415,17420,17325,17375,9611,-0.014184397163120588
2013-06-14,17650,17690,17600,17665,5803,0.01669064748201432
2013-06-17,17595,17595,17535,17550,1643,-0.006510048117746914
2013-06-18,17685,17730,17675,17700,2084,0.008547008547008517
2013-06-19,17820,17820,17805,17820,3364,0.006779661016949046
2013-06-20,17600,17605,17545,17580,7259,-0.013468013468013518
2013-06-21,17135,17270,17135,17270,161998,-0.017633674630261664
2013-06-24,17210,17210,17135,17205,3026,-0.0037637521713954625
2013-06-25,17005,17040,16990,16990,1500,-0.012496367335076974
2013-06-26,17085,17085,17020,17020,1093,0.0017657445556209517
2013-06-27,17230,17325,17230,17325,641,0.017920094007050524
2013-06-28,17420,17465,17410,17465,4037,0.008080808080808133
2013-07-01,17375,17375,17260,17320,5042,-0.00830231892356137
2013-07-02,17470,17470,17395,17450,4288,0.007505773672055405
2013-07-03,17395,17395,17380,17380,28747,-0.0040114613180515235
2013-07-04,17480,17480,17460,17470,1982,0.005178365937859697
2013-07-05,17625,17640,17580,17640,14225,0.009730967372638899
2013-07-08,17710,17710,17650,17710,6882,0.003968253968253954
2013-07-09,17785,17820,17775,17820,5064,0.006211180124223503
2013-07-10,17890,17890,17785,17840,122857,0.001122334455667895
2013-07-11,18000,18050,17980,18035,2614,0.010930493273542563
2013-07-12,18140,18140,18040,18100,17551,0.003604103132797354
2013-07-15,18150,18150,18080,18130,1159,0.0016574585635358297
2013-07-16,18195,18195,18135,18195,864,0.0035852178709321336
2013-07-17,18155,18155,18075,18150,2747,-0.002473206924979432
2013-07-18,18175,18175,18090,18160,6031,0.000550964187327807
2013-07-19,18235,18235,18145,18200,7263,0.0022026431718060735
2013-07-22,18300,18380,18300,18310,2500,0.0060439560439560225
2013-07-23,18305,18385,18300,18365,2399,0.0030038230475151195
2013-07-24,18345,18345,18260,18270,2476,-0.005172883201742473
2013-07-25,18260,18260,18195,18195,976,-0.004105090311986914
2013-07-26,18215,18320,18215,18320,5792,0.006870019236053793
2013-07-29,18270,18305,18245,18245,6903,-0.0040938864628821126
2013-07-30,18190,18285,18190,18285,6995,0.0021923814743765035
2013-07-31,18285,18285,18220,18265,4093,-0.0010937927262784086
2013-08-01,18265,18340,18240,18330,3864,0.003558718861210064
2013-08-02,18500,18500,18410,18475,4088,0.00791052918712487
2013-08-05,18480,18490,18475,18490,2985,0.0008119079837618504
2013-08-06,18465,18465,18385,18440,6064,-0.0027041644131963194
2013-08-07,18375,18375,18320,18370,1903,-0.00379609544468551
2013-08-08,18350,18350,18320,18320,3127,-0.0027218290691344293
2013-08-09,18320,18380,18315,18365,1314,0.002456331877729312
2013-08-12,18230,18310,18230,18310,2958,-0.0029948271167982154
2013-08-13,18300,18310,18260,18260,1758,-0.002730748225013624
2013-08-14,18310,18375,18300,18300,5394,0.0021905805038335835
2013-08-16,18040,18040,17950,18000,5365,-0.016393442622950838
2013-08-19,17850,17955,17850,17900,118669,-0.005555555555555536
2013-08-20,17850,17885,17830,17860,3898,-0.0022346368715083775
2013-08-21,17970,17970,17855,17955,3584,0.005319148936170137
2013-08-22,17780,17780,17705,17740,2113,-0.011974380395433082
2013-08-23,17905,18010,17905,18010,8070,0.015219842164599706
2013-08-26,18090,18100,17990,18100,2467,0.0049972237645752315
2013-08-27,17985,17985,17910,17925,763,-0.00966850828729282
2013-08-28,17730,17755,17645,17755,12084,-0.009483960948396097
2013-08-29,17710,17725,17665,17720,6126,-0.0019712756969867407
2013-08-30,17830,17830,17750,17770,274,0.0028216704288939187
2013-09-02,17780,17860,17780,17860,17075,0.005064715813168252
2013-09-03,17930,17930,17895,17920,5227,0.0033594624860022737
2013-09-04,17855,17855,17760,17820,1020,-0.005580357142857095
2013-09-05,17910,18000,17910,17965,4041,0.008136924803591405
2013-09-06,17965,17965,17885,17940,2138,-0.0013915947676036433
2013-09-09,17955,18010,17955,17975,10046,0.0019509476031214223
2013-09-10,18105,18185,18105,18185,7000,0.011682892906815123
2013-09-11,18210,18295,18210,18290,5584,0.005773989551828507
2013-09-12,18325,18375,18310,18360,4549,0.003827227993439042
2013-09-13,18310,18350,18290,18350,4754,-0.0005446623093682268
2013-09-16,18500,18570,18500,18570,5005,0.011989100817438647
2013-09-17,18490,18490,18390,18400,101797,-0.00915455035002688
2013-09-23,18490,18665,18490,18580,4820,0.009782608695652284
2013-09-24,18490,18490,18425,18450,2320,-0.006996770721205636
2013-09-25,18450,18465,18415,18445,2449,-0.00027100271002711285
2013-09-26,18375,18430,18375,18380,2440,-0.003523990241257824
2013-09-27,18420,18500,18420,18435,2183,0.0029923830250271344
2013-09-30,18330,18330,18215,18295,17083,-0.007594250067805786
2013-10-01,18280,18340,18280,18285,20063,-0.0005465974309920574
2013-10-02,18395,18445,18385,18385,3696,0.005468963631391821
2013-10-04,18285,18285,18200,18245,17480,-0.007614903453902588
2013-10-07,18265,18275,18265,18275,441,0.0016442861057823777
2013-10-08,18270,18270,18150,18160,5439,-0.00629274965800275
2013-10-10,18060,18060,18005,18005,3831,-0.008535242290748868
2013-10-11,18300,18445,18300,18445,10172,0.024437656206609315
2013-10-14,18445,18450,18390,18445,2607,0.0
2013-10-15,18670,18765,18585,18585,3051,0.007590132827324458
2013-10-16,18600,18600,18600,18600,1319,0.0008071025020177647
2013-10-17,18770,18770,18650,18650,20329,0.0026881720430107503
2013-10-18,18840,18915,18840,18910,3201,0.01394101876675613
2013-10-21,19040,19040,18955,19010,7357,0.005288207297726055
2013-10-22,19015,19015,18960,18960,5975,-0.002630194634402949
2013-10-23,19050,19155,19050,19135,8115,0.009229957805907185
2013-10-24,19135,19135,19025,19040,2445,-0.004964724327149228
2013-10-25,19100,19135,19090,19115,2421,0.003939075630252198
2013-10-28,19115,19260,19115,19260,3200,0.007585665707559475
2013-10-29,19260,19260,19180,19190,3139,-0.0036344755970924014
2013-10-30,19370,19370,19285,19285,2720,0.004950495049504955
2013-10-31,19220,19220,19140,19140,4537,-0.007518796992481258
2013-11-01,19200,19200,19140,19200,2071,0.0031347962382444194
2013-11-04,19150,19250,19150,19215,2940,0.0007812499999999556
2013-11-05,19250,19315,19245,19300,3523,0.0044236273744471255
2013-11-06,19155,19250,19155,19225,2184,-0.0038860103626943143
2013-11-07,19250,19310,19250,19250,4122,0.0013003901170351995
2013-11-08,19125,19125,19070,19110,1516,-0.0072727272727273196
2013-11-11,19360,19360,19250,19255,8350,0.00758765044479337
2013-11-12,19380,19380,19370,19375,1305,0.006232147494157347
2013-11-13,19255,19340,19255,19310,1664,-0.0033548387096774546
2013-11-14,19480,19540,19480,19535,29831,0.01165199378560322
2013-11-15,19595,19595,19520,19580,11177,0.0023035577169183696
2013-11-18,19695,19695,19595,19690,1809,0.00561797752808979
2013-11-19,19730,19730,19540,19540,2852,-0.0076180802437785244
2013-11-20,19530,19580,19530,19530,2630,-0.0005117707267143778
2013-11-21,19530,19530,19450,19495,1797,-0.0017921146953404632
2013-11-22,19600,19660,19600,19615,2777,0.006155424467812365
2013-11-25,19740,19800,19730,19785,10092,0.008666836604639405
2013-11-26,19740,19740,19710,19740,3269,-0.0022744503411675776
2013-11-27,19660,19740,19660,19735,2557,-0.00025329280648433983
2013-11-28,19790,19790,19735,19745,2304,0.0005067139599697068
2013-11-29,19805,19805,19710,19800,361,0.0027855153203342198
2013-12-02,19790,19790,19750,19750,3478,-0.002525252525252486
2013-12-03,20125,20125,19700,19705,1338,-0.002278481012658262
2013-12-04,19670,19670,19600,19615,5813,-0.00456736868815022
2013-12-05,19610,19645,19610,19640,4193,0.0012745347947999974
2013-12-06,19595,19595,19525,19565,1204,-0.0038187372708757827
2013-12-09,19825,19825,19765,19770,33149,0.010477894198824389
2013-12-10,19860,19860,19790,19825,8532,0.002781992918563514
2013-12-11,19790,19790,19750,19790,3037,-0.0017654476670869723
2013-12-12,19560,19560,19495,19535,13867,-0.01288529560384033
2013-12-13,19485,19485,19425,19455,2241,-0.004095213718965929
2013-12-16,19420,19460,19330,19335,13089,-0.006168080185042446
2013-12-17,19510,19585,19510,19570,4316,0.012154124644427222
2013-12-18,19510,19525,19480,19510,10320,-0.0030659172202350815
2013-12-19,19830,19860,19830,19850,12737,0.01742696053305992
2013-12-20,19845,19875,19830,19835,1939,-0.0007556675062971863
2013-12-23,20000,20040,19995,20040,9175,0.01033526594403833
2013-12-24,20090,20090,20015,20060,9123,0.0009980039920158834
2013-12-26,20235,20235,20110,20230,1581,0.008474576271186418
2013-12-27,20250,20250,20170,20200,6345,-0.0014829461196242955
2013-12-30,20210,20210,20200,20210,3554,0.0004950495049504955
2014-01-02,20270,20560,20145,20145,5953,-0.003216229589312225
2014-01-03,20135,20135,20030,20030,7715,-0.005708612558947612
2014-01-06,20160,20160,20055,20090,5976,0.0029955067398901303
2014-01-07,20050,20055,20035,20055,1339,-0.0017421602787456303
2014-01-08,20150,20180,20125,20165,4353,0.005484916479680857
2014-01-09,20125,20200,20125,20200,9331,0.0017356806347632592
2014-01-10,20195,20200,20175,20200,2862,0.0
2014-01-13,20215,20255,20215,20255,5712,0.002722772277227614
2014-01-14,20030,20030,19965,20000,5776,-0.01258948407800542
2014-01-15,20150,20215,20140,20210,155544,0.010499999999999954
2014-01-16,20300,20315,20280,20310,3077,0.004948045522018774
2014-01-17,20260,20270,20210,20265,5598,-0.0022156573116691725
2014-01-20,20270,20270,20205,20215,3687,-0.002467308166790083
2014-01-21,20235,20245,20190,20245,5893,0.0014840465001235703
2014-01-22,20245,20255,20215,20255,2188,0.0004939491232403004
2014-01-23,20305,20305,20220,20260,6366,0.0002468526289804984
2014-01-24,20150,20150,20080,20130,9020,-0.006416584402764047
2014-01-27,19675,19705,19590,19705,13435,-0.021112767014406342
2014-01-28,19630,19630,19575,19590,4671,-0.005836082212636429
2014-01-29,19720,19815,19720,19785,3385,0.009954058192955584
2014-02-03,19705,19705,19660,19665,6851,-0.006065200909780133
2014-02-04,19195,19195,19100,19175,107835,-0.02491736587846427
2014-02-05,19220,19255,19220,19255,7558,0.004172099087353276
2014-02-06,19295,19295,19255,19285,3077,0.0015580368735392813
2014-02-07,19540,19540,19500,19500,2305,0.01114856105781703
2014-02-10,19725,19770,19720,19770,4725,0.013846153846153841
2014-02-11,19850,19850,19780,19835,2191,0.0032878098128477085
2014-02-12,19935,20025,19935,20025,6454,0.00957902697252333
2014-02-13,20000,20045,20000,20000,2839,-0.0012484394506866447
2014-02-14,20090,20130,20090,20090,7503,0.0044999999999999485
2014-02-17,20300,20300,20225,20240,8245,0.0074664011946241615
2014-02-18,20230,20275,20230,20240,3305,0.0
2014-02-19,20225,20260,20220,20220,4948,-0.0009881422924901129
2014-02-20,20120,20185,20120,20170,8618,-0.002472799208704246
2014-02-21,20240,20335,20240,20315,5902,0.00718889439762016
2014-02-24,20105,20270,20105,20205,2409,-0.005414718188530676
2014-02-25,20330,20395,20330,20335,2240,0.006434050977480732
2014-02-26,20350,20405,20350,20385,9898,0.002458814851241664
2014-02-27,20375,20375,20330,20360,2904,-0.001226391954868733
2014-02-28,20460,20480,20395,20460,96022,0.004911591355599265
2014-03-03,20375,20375,20305,20335,8646,-0.006109481915933523
2014-03-04,20300,20380,20300,20360,18481,0.001229407425620943
2014-03-05,20560,20670,20560,20640,4529,0.013752455795677854
2014-03-06,20675,20745,20675,20740,7544,0.004844961240310086
2014-03-07,20740,20745,20695,20715,20433,-0.0012054001928640812
2014-03-10,20710,20715,20655,20695,14474,-0.0009654839488293376
2014-03-11,20685,20730,20685,20725,4977,0.001449625513409103
2014-03-12,20560,20605,20560,20600,4644,-0.006031363088057851
2014-03-13,20600,20655,20600,20655,7659,0.002669902912621369
2014-03-14,20445,20445,20390,20410,4240,-0.011861534737351742
2014-03-17,20325,20325,20275,20300,6876,-0.005389514943655027
2014-03-18,20585,20585,20495,20535,3302,0.011576354679802892
2014-03-19,20670,20700,20660,20695,3935,0.007791575359142877
2014-03-20,20595,20595,20465,20495,19946,-0.009664170089393576
2014-03-21,20615,20710,20615,20695,7169,0.009758477677482391
2014-03-24,20670,20670,20595,20645,9109,-0.002416042522348394
2014-03-25,20590,20590,20515,20525,5028,-0.005812545410511016
2014-03-26,20680,20680,20640,20670,3196,0.007064555420219332
2014-03-27,20510,20510,20450,20485,11970,-0.00895016932752779
2014-03-28,20435,20450,20415,20450,2344,-0.0017085672443251099
2014-03-31,20590,20625,20585,20605,22541,0.007579462102689449
2014-04-01,20660,20695,20660,20685,11057,0.003882552778451842
2014-04-02,20835,20835,20810,20830,25165,0.007009910563209987
2014-04-03,20845,20890,20845,20865,20470,0.001680268843014865
2014-04-04,20850,20910,20850,20900,8541,0.0016774502755811938
2014-04-07,20670,20670,20620,20635,8578,-0.012679425837320624
2014-04-08,20470,20470,20400,20425,9466,-0.010176883935061776
2014-04-09,20480,20480,20450,20465,8237,0.001958384332925389
2014-04-10,20665,20705,20665,20680,16552,0.010505741509895028
2014-04-11,20285,20320,20270,20280,59381,-0.01934235976789167
2014-04-14,20095,20105,20055,20100,5746,-0.00887573964497046
2014-04-15,20260,20275,20240,20250,6538,0.00746268656716409
2014-04-16,20395,20450,20395,20440,2809,0.009382716049382678
2014-04-17,20520,20560,20520,20530,6352,0.0044031311154599795
2014-04-18,20630,20725,20630,20650,1145,0.005845104724792938
2014-04-21,20670,20685,20650,20655,4104,0.0002421307506053072
2014-04-22,20665,20725,20665,20725,2401,0.003389009924957609
2014-04-23,20755,20830,20755,20830,2272,0.005066344993968741
2014-04-24,20850,20890,20845,20850,2569,0.000960153624580018
2014-04-25,20820,20820,20775,20775,5893,-0.003597122302158251
2014-04-28,20755,20755,20630,20670,4654,-0.005054151624548697
2014-04-29,20770,20770,20730,20770,3603,0.004837929366231286
2014-04-30,20770,20775,20740,20740,6840,-0.001444390948483365
2014-05-02,20835,20885,20835,20845,9869,0.005062680810028919
2014-05-07,20695,20730,20695,20705,10250,-0.006716238906212535
2014-05-08,20790,20795,20790,20795,3626,0.004346776141028741
2014-05-09,20760,20810,20760,20775,2657,-0.0009617696561673439
2014-05-12,20820,20870,20820,20850,19003,0.0036101083032491488
2014-05-13,21020,21085,21020,21085,37233,0.011270983213429231
2014-05-14,21095,21095,21035,21070,1626,-0.0007114062129476295
2014-05-15,20995,20995,20950,20975,3689,-0.004508780256288536
2014-05-16,20800,20800,20750,20780,3985,-0.009296781883194272
2014-05-19,20815,20880,20815,20880,15664,0.004812319538017418
2014-05-20,20775,20915,20775,20900,5166,0.0009578544061301653
2014-05-21,20800,20800,20745,20800,4859,-0.004784688995215336
2014-05-22,20905,20950,20905,20935,3492,0.006490384615384537
2014-05-23,20990,21035,20990,21035,8039,0.004776689754000474
2014-05-26,21100,21130,21090,21100,4001,0.003090087948657061
2014-05-27,21145,21185,21145,21185,5548,0.004028436018957304
2014-05-28,21195,21260,21195,21255,2555,0.003304224687278756
2014-05-29,21250,21265,21215,21265,2330,0.0004704775346977552
2014-05-30,21280,21345,21280,21345,5159,0.003762050317422938
2014-06-02,21305,21380,21300,21380,8903,0.0016397282736004826
2014-06-03,21365,21390,21350,21390,6088,0.000467726847521055
2014-06-05,21400,21420,21395,21415,9953,0.001168770453482848
2014-06-09,21545,21735,21545,21670,9757,0.01190754144291395
2014-06-10,21650,21705,21650,21665,10847,-0.0002307337332717596
2014-06-11,21650,21705,21650,21705,4339,0.0018462958689129394
2014-06-12,21680,21680,21620,21620,2670,-0.003916148352914095
2014-06-13,21530,21530,21435,21515,41042,-0.004856614246068425
2014-06-16,21490,21500,21460,21485,5918,-0.0013943760167325348
2014-06-17,21545,21600,21545,21575,4136,0.004188969048173119
2014-06-18,21585,21625,21585,21625,1266,0.002317497103128563
2014-06-19,21730,21800,21730,21800,2527,0.008092485549132888
2014-06-20,21800,21805,21765,21800,4812,0.0
2014-06-23,21790,21865,21790,21860,5117,0.0027522935779815683
2014-06-24,21860,21860,21795,21795,3480,-0.002973467520585582
2014-06-25,21720,21735,21690,21735,4907,-0.002752924982794225
2014-06-26,21770,21810,21770,21810,3034,0.003450655624568588
2014-06-27,21790,21790,21750,21790,3299,-0.0009170105456213218
2014-06-30,21780,21845,21780,21835,5230,0.002065167508031207
2014-07-01,21885,21885,21820,21840,6000,0.0002289901534233696
2014-07-02,21940,22005,21940,22005,5694,0.007554945054945028
2014-07-03,21990,22000,21965,21975,2451,-0.0013633265167007913
2014-07-04,22075,22100,22060,22075,19763,0.004550625711035261
2014-07-07,22075,22110,22060,22085,8731,0.00045300113250279495
2014-07-08,22050,22050,21980,22020,6473,-0.0029431741000679468
2014-07-09,21975,21975,21895,21915,9380,-0.00476839237057225
2014-07-10,22015,22015,21935,21955,5585,0.0018252338580879712
2014-07-11,21900,21900,21855,21885,29722,-0.003188339785925809
2014-07-14,21985,21985,21935,21955,5157,0.003198537811286206
2014-07-15,22000,22055,22000,22045,5545,0.00409929401047604
2014-07-16,22045,22045,21975,22005,3504,-0.0018144704014515511
2014-07-17,22025,22060,22025,22060,5765,0.002499431947284636
2014-07-18,21810,21820,21780,21820,5324,-0.010879419764279197
2014-07-21,22000,22045,22000,22030,11880,0.009624197983501448
2014-07-22,22005,22005,21970,21995,6746,-0.0015887426236950164
2014-07-23,22030,22075,22030,22075,5008,0.003637190270516122
2014-07-24,22140,22175,22115,22130,4230,0.0024915062287655942
2014-07-25,22110,22150,22080,22115,5155,-0.0006778129236331143
2014-07-28,22065,22065,22000,22035,6743,-0.003617454216595095
2014-07-29,22120,22120,22035,22045,6576,0.00045382346267297535
2014-07-30,22025,22025,21955,21985,2827,-0.0027217056021773267
2014-07-31,21975,21980,21940,21980,5568,-0.00022742779167617133
2014-08-01,21620,21620,21565,21595,11259,-0.017515923566879033
2014-08-04,21535,21535,21480,21485,6698,-0.0050937717064135635
2014-08-05,21610,21630,21590,21620,11750,0.0062834535722597895
2014-08-06,21335,21455,21335,21410,7303,-0.00971322849213696
2014-08-07,21385,21465,21385,21465,1889,0.002568893040635123
2014-08-08,21380,21380,21220,21250,21268,-0.010016305613789855
2014-08-11,21535,21585,21530,21560,10667,0.014588235294117569
2014-08-12,21600,21665,21600,21665,21708,0.004870129870129913
2014-08-13,21640,21650,21615,21650,6017,-0.0006923609508423523
2014-08-14,21725,21775,21720,21775,4803,0.005773672055427337
2014-08-18,21815,21880,21815,21880,33352,0.00482204362801375
2014-08-19,22000,22055,22000,22040,3978,0.007312614259597838
2014-08-20,22085,22140,22085,22100,6063,0.0027223230490018846
2014-08-21,22195,22250,22185,22185,11925,0.0038461538461538325
2014-08-22,22335,22335,22265,22300,3067,0.005183682668469691
2014-08-25,22280,22320,22270,22315,4016,0.0006726457399102159
2014-08-26,22355,22355,22290,22290,7212,-0.001120322652924055
2014-08-27,22355,22395,22350,22370,5671,0.0035890533871691943
2014-08-28,22345,22370,22340,22370,6294,0.0
2014-08-29,22395,22395,22345,22365,1500,-0.0002235136343317068
2014-09-01,22435,22435,22370,22410,6125,0.002012072434607548
2014-09-02,22385,22420,22385,22390,3560,-0.0008924587237840731
2014-09-03,22400,22420,22385,22395,3867,0.00022331397945518638
2014-09-04,22370,22375,22355,22365,4504,-0.0013395847287340779
2014-09-05,22435,22435,22350,22360,6317,-0.0002235636038453448
2014-09-11,22290,22370,22285,22325,10024,-0.0015652951699463014
2014-09-12,22355,22370,22350,22370,6004,0.0020156774916013642
2014-09-15,22210,22210,22120,22185,8353,-0.008270004470272707
2014-09-16,22225,22255,22215,22250,2086,0.0029299075952220477
2014-09-17,22365,22410,22365,22380,7304,0.005842696629213551
2014-09-18,22415,22455,22415,22455,2847,0.0033512064343164116
2014-09-19,22545,22610,22545,22610,150642,0.006902694277443722
2014-09-22,22585,22585,22505,22530,9850,-0.0035382574082264417
2014-09-23,22325,22350,22325,22350,1866,-0.007989347536617841
2014-09-24,22240,22240,22190,22225,4836,-0.005592841163310935
2014-09-25,22365,22430,22365,22420,8198,0.008773903262092153
2014-09-26,22150,22150,22095,22130,4144,-0.012934879571810831
2014-09-29,22165,22220,22165,22220,4919,0.004066877541798464
2014-09-30,22175,22175,22135,22170,9526,-0.0022502250225022724
2014-10-01,22130,22130,22040,22085,3704,-0.0038340099233198366
2014-10-02,21805,21880,21805,21875,7421,-0.009508716323296307
2014-10-06,22105,22140,22085,22140,11588,0.012114285714285744
2014-10-07,21945,22020,21945,22015,6281,-0.00564588979223124
2014-10-08,21745,21745,21700,21740,8254,-0.012491483079718368
2014-10-10,21640,21640,21605,21620,9104,-0.005519779208831621
2014-10-13,21255,21260,21225,21245,6727,-0.017345050878815882
2014-10-14,21100,21100,21065,21090,4368,-0.007295834313956195
2014-10-15,21165,21210,21165,21170,11276,0.003793266951161778
2014-10-16,20785,20820,20780,20815,7952,-0.016769012753896972
2014-10-17,20915,20955,20915,20930,5590,0.005524861878453136
2014-10-20,21275,21315,21275,21315,5799,0.018394648829431537
2014-10-21,21360,21420,21360,21390,6202,0.0035186488388458947
2014-10-22,21750,21805,21750,21780,3753,0.018232819074333717
2014-10-23,21740,21740,21665,21680,3576,-0.0045913682277318735
2014-10-24,21850,21900,21850,21895,5981,0.009916974169741799
2014-10-27,22080,22085,22045,22045,9815,0.006850879196163451
2014-10-28,22075,22075,22035,22035,2984,-0.0004536176003628878
2014-10-29,22190,22235,22190,22230,3545,0.008849557522123908
2014-10-30,22170,22230,22170,22230,9266,0.0
2014-10-31,22440,22440,22360,22400,9627,0.007647323436797082
2014-11-03,22565,22620,22565,22570,5256,0.007589285714285632
2014-11-04,22705,22705,22625,22645,3934,0.0033229951262738755
2014-11-05,22565,22635,22565,22610,6274,-0.0015455950540957941
2014-11-06,22805,22810,22690,22735,5712,0.005528527200353794
2014-11-07,22775,22900,22775,22825,7326,0.003958654057620414
2014-11-10,22805,22880,22805,22875,5812,0.0021905805038335835
2014-11-11,22990,22990,22920,22960,3281,0.003715846994535532
2014-11-12,22950,22980,22940,22970,6108,0.00043554006968649084
2014-11-13,22950,22995,22945,22995,2998,0.001088376142794889
2014-11-14,23055,23055,22940,22950,6947,-0.00195694716242667
2014-11-17,22935,22960,22905,22945,15387,-0.00021786492374731292
2014-11-18,22995,22995,22980,22985,7327,0.0017432991937240683
2014-11-19,23070,23145,23070,23105,4034,0.005220796171416131
2014-11-20,23055,23135,23055,23095,4470,-0.000432806751785364
2014-11-21,23145,23210,23145,23210,4819,0.004979432777657555
2014-11-24,23355,23355,23255,23320,8879,0.004739336492890933
2014-11-25,23310,23390,23310,23370,9605,0.002144082332761643
2014-11-26,23370,23390,23350,23355,7916,-0.0006418485237483784
2014-11-27,23395,23440,23385,23395,5249,0.0017126953543138423
2014-11-28,23390,23420,23385,23415,5483,0.0008548835221200424
2014-12-01,23320,23320,23220,23255,6748,-0.006833226564168293
2014-12-02,23235,23235,23155,23195,3629,-0.0025800903031606426
2014-12-03,23345,23390,23345,23390,4769,0.008406984263849893
2014-12-04,23395,23445,23395,23445,5984,0.0023514322359983186
2014-12-05,23440,23440,23395,23415,8866,-0.001279590531030106
2014-12-08,23545,23545,23445,23450,7004,0.001494768310911887
2014-12-09,23355,23355,23285,23325,9235,-0.005330490405117239
2014-12-10,23320,23320,23255,23255,8307,-0.0030010718113612223
2014-12-11,22965,22965,22860,22955,3780,-0.012900451515803102
2014-12-12,22955,22970,22925,22960,12909,0.0002178174689611012
2014-12-15,22620,22705,22585,22700,96934,-0.011324041811846652
2014-12-16,22525,22580,22525,22540,4368,-0.007048458149779724
2014-12-17,22320,22415,22320,22410,145308,-0.005767524401064761
2014-12-18,22880,22880,22775,22815,147596,0.01807228915662651
2014-12-19,23360,23460,23360,23460,4318,0.02827087442472065
2014-12-22,23500,23530,23455,23530,137062,0.0029838022165387112
2014-12-23,23530,23585,23530,23585,131760,0.0023374415639609847
2014-12-24,23655,23695,23600,23650,129932,0.0027559889760440104
2014-12-26,23645,23690,23645,23690,136176,0.0016913319238900382
2014-12-29,23700,23710,23680,23700,3861,0.00042211903756861346
2014-12-30,23700,23740,23695,23740,6522,0.0016877637130801038
2015-01-02,23515,23515,23380,23385,12166,-0.014953664700926739
2015-01-05,23255,23255,23150,23255,16146,-0.005559119093435982
2015-01-06,23015,23015,22875,22920,22780,-0.014405504192646745
2015-01-07,22765,22765,22690,22720,13586,-0.008726003490401424
2015-01-08,22955,23185,22940,23150,44287,0.01892605633802824
2015-01-09,23330,23370,23305,23365,7844,0.009287257019438444
2015-01-12,23125,23155,23095,23095,11760,-0.011555745773592974
2015-01-13,22960,23035,22960,23035,8378,-0.0025979649274734395
2015-01-14,22950,22950,22805,22840,9331,-0.008465378771434828
2015-01-15,22815,22930,22815,22930,12915,0.0039404553415061105
2015-01-16,22580,22580,22420,22480,14511,-0.01962494548626259
2015-01-19,22850,22980,22850,22895,7101,0.018460854092526624
2015-01-20,22830,22965,22830,22965,10282,0.003057436121423951
2015-01-21,22960,22990,22885,22980,19528,0.0006531678641410466
2015-01-22,23100,23110,23020,23075,6974,0.004134029590948662
2015-01-23,23390,23400,23345,23380,10891,0.013217768147345543
2015-01-26,23045,23155,23040,23155,12968,-0.009623609923011145
2015-01-27,23410,23410,23335,23355,13093,0.008637443316778182
2015-01-28,23150,23275,23120,23235,10641,-0.005138086062941527
2015-01-29,22735,22735,22600,22600,42169,-0.02732945986658064
2015-01-30,22960,22990,22900,22930,8137,0.014601769911504414
2015-02-02,22675,22705,22610,22675,7194,-0.011120802442215472
2015-02-03,22895,22945,22835,22855,9836,0.007938257993384878
2015-02-04,23260,23270,23185,23255,9313,0.017501640778823102
2015-02-05,22990,23075,22980,23075,8180,-0.007740270909481817
2015-02-06,23400,23400,23350,23400,5934,0.014084507042253502
2015-02-09,23340,23340,23230,23300,16255,-0.004273504273504258
2015-02-10,23230,23300,23230,23255,7931,-0.0019313304721030322
2015-02-11,23535,23535,23435,23470,3473,0.00924532358632546
2015-02-12,23485,23575,23435,23510,6552,0.001704303365999138
2015-02-13,23670,23750,23670,23730,19510,0.00935772011909819
2015-02-16,23805,23815,23780,23795,23265,0.0027391487568477757
2015-02-17,23725,23765,23715,23755,11626,-0.0016810254255095192
2015-02-23,23940,24040,23930,24010,9916,0.010734582193222542
2015-02-24,23960,24045,23960,24025,12813,0.0006247396917951065
2015-02-25,24055,24150,24045,24080,10194,0.0022892819979187795
2015-02-26,24045,24070,24025,24040,8747,-0.0016611295681062677
2015-02-27,24040,24040,23990,24015,5290,-0.0010399334442595665
2015-03-02,24000,24040,23980,24000,48827,-0.0006246096189881367
2015-03-03,24080,24115,24065,24095,8276,0.003958333333333286
2015-03-04,24025,24025,23945,23975,9017,-0.00498028636646608
2015-03-05,23915,23915,23870,23910,12742,-0.0027111574556829554
2015-03-06,23925,23965,23910,23910,6108,0.0
2015-03-09,23560,23615,23560,23615,19809,-0.012337933918862398
2015-03-10,23625,23710,23625,23630,11911,0.0006351894982004058
2015-03-11,23380,23395,23320,23380,8043,-0.010579771476936117
2015-03-12,23335,23350,23235,23345,7257,-0.0014970059880239361
2015-03-13,23550,23610,23505,23610,12025,0.011351467123581038
2015-03-16,23305,23445,23305,23440,13554,-0.007200338839474796
2015-03-17,23650,23695,23650,23665,5749,0.009598976109215007
2015-03-18,23740,23800,23640,23715,7318,0.0021128248468202937
2015-03-19,24000,24040,23955,24030,6390,0.013282732447817747
2015-03-20,23870,23905,23810,23905,17376,-0.0052018310445276494
2015-03-23,24175,24175,24070,24110,10447,0.008575611796695304
2015-03-24,24070,24200,23990,24000,7171,-0.0045624222314392116
2015-03-25,23950,23950,23840,23855,10124,-0.006041666666666612
2015-03-26,23500,23600,23490,23530,10664,-0.013623978201634857
2015-03-27,23520,23585,23445,23545,7468,0.0006374840628984302
2015-03-30,23555,23630,23470,23595,13247,0.0021235931195582314
2015-03-31,23825,23825,23715,23740,4793,0.006145369781733523
2015-04-01,23615,23615,23375,23465,15316,-0.011583824768323536
2015-04-02,23500,23520,23480,23515,9181,0.0021308331557639004
2015-04-03,23740,23740,23560,23610,7213,0.004039974484371767
2015-04-06,23375,23465,23375,23450,20833,-0.006776789495976265
2015-04-07,23680,23750,23680,23720,9481,0.011513859275053218
2015-04-08,23640,23705,23640,23680,4333,-0.001686340640809414
2015-04-09,23845,23845,23715,23775,460159,0.004011824324324342
2015-04-10,23840,23890,23835,23880,14615,0.00441640378548902
2015-04-13,24000,24000,23945,23955,8197,0.003140703517587884
2015-04-14,23890,23950,23885,23910,5492,-0.0018785222291797243
2015-04-15,23910,23940,23890,23890,11532,-0.0008364700961940308
2015-04-16,24015,24085,24015,24045,5604,0.006488070322310691
2015-04-17,24100,24100,24005,24005,5287,-0.0016635475150759138
2015-04-20,23800,23895,23785,23835,7439,-0.00708185794626115
2015-04-21,23915,24000,23915,23985,13033,0.006293266205160464
2015-04-22,23990,24000,23950,23955,4380,-0.001250781738586615
2015-04-23,24030,24030,24000,24015,6467,0.00250469630557304
2015-04-24,24180,24180,24075,24115,12983,0.004164064126587652
2015-04-27,24180,24205,24155,24185,10405,0.002902757619738683
2015-04-28,24155,24155,24055,24085,4559,-0.00413479429398389
2015-04-29,24150,24170,24125,24125,6021,0.0016607847207805726
2015-04-30,23895,24065,23895,23995,7576,-0.00538860103626948
2015-05-04,24100,24100,24030,24045,8994,0.002083767451552365
2015-05-06,23860,24000,23860,23955,12134,-0.0037429819089207506
2015-05-07,23795,23820,23750,23800,31112,-0.006470465456063446
2015-05-08,23835,23930,23835,23895,1715,0.003991596638655448
2015-05-11,24145,24195,24145,24195,15182,0.012554927809165006
2015-05-12,23970,24105,23970,24105,3439,-0.0037197768133911957
2015-05-13,24045,24130,24035,24095,3257,-0.00041485169052069004
2015-05-14,24095,24095,24005,24040,2628,-0.002282631251296907
2015-05-15,24230,24275,24230,24275,6885,0.009775374376040036
2015-05-18,24275,24300,24240,24280,9923,0.0002059732234809264
2015-05-19,24330,24385,24330,24385,13411,0.004324546952223951
2015-05-20,24325,24380,24320,24380,2631,-0.00020504408447818978
2015-05-21,24280,24300,24280,24295,4747,-0.0034864643150123165
2015-05-22,24475,24475,24385,24425,3230,0.00535089524593535
2015-05-26,24390,24390,24290,24355,9025,-0.002865916069600849
2015-05-27,24130,24175,24105,24125,8815,-0.009443646068569067
2015-05-28,24400,24400,24285,24330,6236,0.008497409326424954
2015-05-29,24330,24390,24320,24360,7419,0.0012330456226881115
2015-06-01,24215,24240,24165,24225,345628,-0.005541871921182273
2015-06-02,24255,24265,24180,24215,333614,-0.00041279669762639415
2015-06-03,24250,24250,24170,24180,269320,-0.0014453850918851874
2015-06-04,24300,24300,24210,24270,218492,0.003722084367245637
2015-06-05,24145,24145,24055,24065,364247,-0.008446641944787836
2015-06-08,24015,24025,23950,24015,273638,-0.0020777062123416012
2015-06-09,23935,23935,23890,23895,237319,-0.004996876951905094
2015-06-10,23955,23955,23885,23940,231341,0.0018832391713747842
2015-06-11,24225,24225,24135,24170,287891,0.009607351712614953
2015-06-12,24155,24195,24135,24135,147513,-0.0014480761274306975
2015-06-15,23980,23990,23920,23990,229095,-0.006007872384503843
2015-06-16,23860,23930,23860,23920,204185,-0.002917882451021314
2015-06-17,24070,24120,24070,24090,186570,0.0071070234113712605
2015-06-18,24205,24205,24010,24010,272202,-0.0033208800332088506
2015-06-19,24410,24410,24305,24345,184398,0.0139525197834236
2015-06-22,24355,24355,24250,24300,133266,-0.001848428835489857
2015-06-23,24360,24435,24360,24410,295720,0.004526748971193317
2015-06-24,24400,24440,24365,24405,207404,-0.0002048340843916474
2015-06-25,24290,24290,24220,24270,203724,-0.005531653349723387
2015-06-26,24160,24170,24095,24140,289843,-0.0053564070869386304
2015-06-29,23840,23895,23765,23825,247472,-0.013048881524440725
2015-06-30,23645,23735,23645,23685,189073,-0.005876180482686233
2015-07-01,23750,23800,23610,23800,9234,0.004855393709098488
2015-07-02,23900,23900,23835,23865,11676,0.00273109243697478
2015-07-03,23865,23920,23815,23910,9878,0.0018856065367693908
2015-07-06,23610,23650,23515,23560,18874,-0.014638226683396094
2015-07-07,23820,23960,23820,23945,4143,0.016341256366723345
2015-07-08,23930,23930,23710,23765,3916,-0.007517226978492331
2015-07-09,23575,23730,23525,23730,10906,-0.0014727540500736325
2015-07-10,23690,23820,23690,23780,10958,0.0021070375052676393
2015-07-13,23820,23850,23725,23830,13061,0.002102607232968845
2015-07-14,24095,24180,24095,24155,8002,0.013638271086865217
2015-07-15,24200,24295,24200,24250,6503,0.003932933140136541
2015-07-16,24285,24300,24270,24270,5433,0.0008247422680411898
2015-07-17,24405,24455,24395,24410,32204,0.005768438401318576
2015-07-20,24410,24495,24410,24450,11069,0.0016386726751331793
2015-07-21,24465,24535,24465,24535,11246,0.003476482617586818
2015-07-22,24405,24405,24300,24300,5962,-0.00957815365803949
2015-07-23,24345,24395,24345,24375,5626,0.0030864197530864335
2015-07-24,24300,24300,24235,24270,1763,-0.004307692307692346
2015-07-27,24060,24060,23975,24025,4790,-0.010094767202307398
2015-07-28,23900,23970,23825,23970,4848,-0.0022892819979187795
2015-07-29,24150,24150,24065,24120,10375,0.006257822277847325
2015-07-30,24220,24290,24220,24290,11475,0.0070480928689884426
2015-07-31,24300,24330,24280,24330,4688,0.0016467682173733067
2015-08-03,24330,24330,24215,24260,6092,-0.0028771064529387047
2015-08-04,24140,24215,24110,24215,9983,-0.0018549051937345462
2015-08-05,24150,24160,24075,24145,5134,-0.0028907701837703748
2015-08-06,24190,24250,24190,24235,8136,0.003727479809484402
2015-08-07,24020,24085,24020,24085,8495,-0.00618939550237263
2015-08-10,23925,24040,23925,24020,7782,-0.002698775171268375
2015-08-11,24240,24285,24125,24135,67991,0.0047876769358867755
2015-08-12,24025,24120,23885,23885,7477,-0.010358400662937695
2015-08-13,24145,24195,24075,24195,6856,0.012978857023236312
2015-08-17,24250,24250,24105,24175,3787,-0.0008266170696424879
2015-08-18,24330,24335,24255,24310,3952,0.005584281282316361
2015-08-19,24285,24295,24180,24200,6706,-0.004524886877828038
2015-08-20,24065,24065,23970,23985,6295,-0.00888429752066111
2015-08-21,23520,23520,23260,23355,12510,-0.026266416510318913
2015-08-24,22665,22730,22165,22285,10589,-0.04581460072789556
2015-08-25,21865,22165,21805,21910,11164,-0.016827462418667283
2015-08-26,21480,22075,21475,22010,12023,0.0045641259698767644
2015-08-27,22430,22490,22355,22395,14276,0.017492049068605242
2015-08-28,22985,23030,22840,22905,21358,0.022772940388479546
2015-08-31,22745,22780,22615,22780,16063,-0.005457323728443542
2015-09-01,22645,22645,22300,22300,15476,-0.021071115013169495
2015-09-02,22145,22380,22095,22315,5657,0.0006726457399102159
2015-09-03,22595,22595,22460,22495,1493,0.008066323101053152
2015-09-04,22550,22550,22285,22330,9841,-0.007334963325183352
2015-09-07,22300,22430,22200,22380,12314,0.0022391401701746805
2015-09-08,22445,22445,22340,22410,5784,0.0013404825737264314
2015-09-09,22685,22960,22685,22960,2809,0.024542614904060622
2015-09-10,22425,22585,22330,22585,2548,-0.01633275261324041
2015-09-11,22605,22665,22540,22560,3099,-0.0011069293779056855
2015-09-14,22670,22800,22650,22650,11643,0.003989361702127603
2015-09-15,22660,22660,22570,22605,2563,-0.001986754966887383
2015-09-16,22850,22885,22800,22850,2862,0.010838310108383098
2015-09-17,23035,23060,23005,23060,3133,0.00919037199124717
2015-09-18,23005,23010,22860,22975,6576,-0.0036860364267129464
2015-09-21,22675,22675,22420,22625,4726,-0.015233949945593017
2015-09-22,22790,22800,22710,22770,786,0.006408839779005415
2015-09-23,22420,22440,22220,22270,6757,-0.02195871761089152
2015-09-24,22445,22445,22275,22290,2896,0.0008980691513247319
2015-09-25,22390,22410,22310,22410,4912,0.0053835800807537915
2015-09-30,21890,22005,21755,22005,9435,-0.01807228915662651
2015-10-01,22195,22400,22120,22395,4532,0.017723244717109843
2015-10-02,22325,22325,22235,22285,4545,-0.004911810672024952
2015-10-05,22480,22595,22480,22595,5763,0.013910702266098252
2015-10-06,22960,22960,22820,22820,2471,0.009957955299845
2015-10-07,22870,22930,22815,22925,8247,0.004601226993865115
2015-10-08,23020,23070,22900,22935,4438,0.0004362050163577713
2015-10-12,23195,23320,23195,23315,14308,0.016568563331153197
2015-10-13,23350,23350,23260,23315,6073,0.0
2015-10-14,23140,23165,23060,23140,8699,-0.007505897490885705
2015-10-15,23090,23160,23040,23145,7377,0.00021607605877260738
2015-10-16,23380,23450,23375,23415,2427,0.01166558651976679
2015-10-19,23410,23460,23390,23400,2405,-0.0006406149903908087
2015-10-20,23445,23500,23435,23440,3137,0.0017094017094017033
2015-10-21,23335,23565,23335,23525,1674,0.0036262798634811855
2015-10-22,23325,23380,23265,23355,18336,-0.007226354941551549
2015-10-23,23800,23865,23800,23820,9132,0.019910083493898556
2015-10-26,23900,23915,23820,23820,5371,0.0
2015-10-27,23830,23915,23815,23825,3602,0.0002099076406381073
2015-10-28,23835,23940,23835,23930,7457,0.004407135362014758
2015-10-29,24050,24125,24050,24080,2491,0.006268282490597521
2015-10-30,24095,24285,24095,24265,7036,0.007682724252491724
2015-11-02,23960,23990,23925,23930,7339,-0.013805893261899849
2015-11-03,24205,24305,24205,24285,10236,0.014834935227747703
2015-11-04,24370,24445,24330,24355,6101,0.002882437718756403
2015-11-05,24215,24320,24215,24310,7360,-0.0018476698829809068
2015-11-06,24295,24305,24230,24275,4196,-0.0014397367338543354
2015-11-09,24210,24320,24210,24310,46513,0.0014418125643667068
2015-11-10,24020,24075,24020,24075,52250,-0.00966680378445084
2015-11-11,24060,24120,24055,24120,47775,0.0018691588785046953
2015-11-12,24045,24095,23985,24075,46485,-0.001865671641791078
2015-11-13,23720,23720,23645,23695,21287,-0.01578400830737281
2015-11-16,23330,23365,23230,23335,51048,-0.015193078708588326
2015-11-17,23690,23810,23690,23800,254927,0.019927148060852717
2015-11-18,23780,23790,23690,23765,44418,-0.0014705882352941124
2015-11-19,24090,24205,24090,24140,52132,0.015779507679360316
2015-11-20,24135,24135,24050,24120,47727,-0.0008285004142501995
2015-11-23,24205,24280,24180,24240,38323,0.004975124378109541
2015-11-24,24140,24190,24125,24175,2343,-0.0026815181518151654
2015-11-25,24155,24205,24125,24185,5334,0.00041365046535668526
2015-11-26,24195,24270,24195,24250,4487,0.0026876162910896007
2015-11-27,24265,24270,24230,24250,3700,0.0
2015-11-30,24235,24235,24160,24185,2273,-0.0026804123711340333
2015-12-01,24200,24285,24200,24240,4551,0.0022741368616912006
2015-12-02,24315,24370,24315,24365,2101,0.005156765676567643
2015-12-03,24180,24205,24120,24185,2986,-0.007387646213831367
2015-12-04,23925,23925,23805,23865,2190,-0.013231341740748359
2015-12-07,24150,24235,24150,24220,20475,0.014875340456735886
2015-12-08,24140,24140,24035,24040,7657,-0.007431874483897594
2015-12-09,24035,24035,23900,23965,4748,-0.0031198003327786994
2015-12-10,23810,23810,23750,23795,3701,-0.007093678280826188
2015-12-11,23800,23890,23800,23865,2510,0.002941794494641714
2015-12-14,23425,23465,23310,23465,4278,-0.016760946993505166
2015-12-15,23500,23500,23435,23440,3060,-0.0010654165778819502
2015-12-16,23700,23795,23680,23765,3526,0.01386518771331069
2015-12-17,23980,24035,23945,23985,3522,0.009257311171891436
2015-12-18,23650,23650,23540,23575,105253,-0.017094017094017144
2015-12-21,23345,23375,23250,23370,6029,-0.008695652173912993
2015-12-22,23510,23560,23490,23550,4661,0.007702182284980763
2015-12-23,23625,23685,23625,23670,3886,0.005095541401273884
2015-12-24,23885,23940,23850,23860,4900,0.008027038445289403
2015-12-28,23865,23940,23845,23905,39233,0.0018860016764459253
2015-12-29,23840,24100,23840,23895,13828,-0.000418322526668069
2015-12-30,24165,24165,24105,24105,15152,0.00878844946641566
2016-01-04,23815,23815,23475,23520,14077,-0.02426882389545737
2016-01-05,23500,23540,23400,23460,18551,-0.0025510204081632404
2016-01-06,23460,23460,23200,23275,20560,-0.00788576300085253
2016-01-07,23175,23235,22855,22855,36630,-0.018045112781954864
2016-01-08,22610,22810,22545,22770,56795,-0.003719098665499909
2016-01-11,22055,22350,22055,22255,27126,-0.0226174791392183
2016-01-12,22370,22400,22215,22215,10785,-0.0017973489103572104
2016-01-13,22420,22700,22420,22690,7901,0.02138194913346836
2016-01-14,22045,22045,21910,22040,7490,-0.028646981048920273
2016-01-15,22330,22365,22125,22230,3822,0.008620689655172376
2016-01-18,21930,21985,21765,21910,10821,-0.01439496176338284
2016-01-19,21890,22120,21840,22120,5617,0.009584664536741228
2016-01-20,21815,21915,21495,21525,19826,-0.026898734177215222
2016-01-21,21630,21875,21630,21630,4417,0.004878048780487809
2016-01-22,21725,21945,21685,21945,469857,0.014563106796116498
2016-01-25,22115,22195,22095,22140,6518,0.008885850991114053
2016-01-26,21765,21820,21730,21775,8324,-0.01648599819331531
2016-01-27,21940,22040,21775,22040,2121,0.012169919632606163
2016-01-28,21975,22010,21830,21940,1361,-0.00453720508166966
2016-01-29,21980,22175,21930,22130,2321,0.00865998176845939
2016-02-01,22490,22535,22460,22505,5948,0.01694532309082697
2016-02-02,22445,22500,22410,22425,9078,-0.0035547656076427847
2016-02-03,22070,22150,22040,22135,9794,-0.012931995540691243
2016-02-04,22300,22430,22240,22360,3261,0.01016489722159486
2016-02-05,22270,22305,22190,22265,6306,-0.004248658318425802
2016-02-11,21900,21900,21400,21465,5369,-0.03593083314619361
2016-02-12,21300,22550,21300,21375,6352,-0.004192872117400381
2016-02-15,21750,21985,21750,21980,2751,0.028304093567251387
2016-02-16,22000,22135,22000,22115,7946,0.0061419472247497
2016-02-17,22120,22150,21990,22010,1476,-0.004747908659280986
2016-02-18,22470,22550,22470,22495,2528,0.022035438437074006
2016-02-19,22340,22470,22340,22465,6140,-0.0013336296954878923
2016-02-22,22350,22535,22250,22535,5280,0.0031159581571333916
2016-02-23,22600,22620,22505,22590,6396,0.0024406478810738985
2016-02-24,22340,22420,22340,22415,353,-0.007746790615316468
2016-02-25,22605,22680,22505,22625,1575,0.009368726299353147
2016-02-26,22720,22855,22720,22780,18838,0.006850828729281666
2016-02-29,22745,22755,22635,22635,14195,-0.006365232660228259
2016-03-02,23140,23200,23070,23200,1615,0.024961343052794405
2016-03-03,23080,23200,23080,23175,501723,-0.0010775862068965747
2016-03-04,23215,23275,23215,23275,20731,0.004314994606256839
2016-03-07,23340,23340,23210,23290,26105,0.0006444683136412888
2016-03-08,23290,23320,23195,23265,4126,-0.001073422069557739
2016-03-09,23175,23215,23110,23215,27461,-0.0021491510853213214
2016-03-10,23255,23255,23255,23255,10555,0.0017230239069567777
2016-03-11,23200,23400,23200,23400,2697,0.006235218232638173
2016-03-14,23490,23575,23490,23575,14578,0.007478632478632452
2016-03-15,23540,23570,23500,23515,16046,-0.0025450689289501227
2016-03-16,23510,23585,23490,23575,7465,0.0025515628322347883
2016-03-17,23600,23740,23600,23660,40743,0.003605514316012748
2016-03-18,23790,23800,23735,23800,27647,0.00591715976331364
2016-03-21,23775,23845,23760,23825,44773,0.0010504201680672232
2016-03-22,23960,23960,23850,23915,17723,0.0037775445960126497
2016-03-23,23860,23895,23830,23870,20981,-0.0018816642274722684
2016-03-24,23780,23780,23650,23700,8688,-0.007121910347716809
2016-03-25,23800,23905,23605,23900,231,0.00843881856540074
2016-03-28,23725,23830,23725,23800,15073,-0.004184100418409997
2016-03-29,23800,23815,23710,23745,3274,-0.002310924369747891
2016-03-30,23940,24035,23940,24000,17617,0.01073910296904601
2016-03-31,24000,24035,23975,24020,4040,0.0008333333333332416
2016-04-01,24060,24060,23890,23895,3305,-0.005203996669442157
2016-04-04,24080,24160,24075,24160,8220,0.011090186231429211
2016-04-05,24000,24035,23920,23995,17383,-0.006829470198675525
2016-04-06,23835,23995,23835,23895,153888,-0.004167534903104841
2016-04-07,24120,24150,24035,24085,8801,0.007951454279137904
2016-04-08,23760,23930,23725,23895,3432,-0.00788872742370772
2016-04-11,23915,24080,23755,23815,134355,-0.0033479807491106905
2016-04-12,23725,23855,23725,23845,2958,0.001259710266638736
2016-04-14,24000,24295,24000,24250,6902,0.016984692807716417
2016-04-15,24225,24325,24225,24275,11684,0.0010309278350515427
2016-04-18,24055,24155,24055,24125,40276,-0.006179196704428458
2016-04-19,24345,24425,24345,24400,14057,0.011398963730570033
2016-04-20,24380,24445,24370,24410,6774,0.0004098360655737654
2016-04-21,24405,24605,24405,24595,17924,0.007578861122490732
2016-04-22,24385,24400,24285,24355,8152,-0.009758080910754252
2016-04-25,24300,24425,24300,24390,8666,0.00143707657565173
2016-04-26,24445,24445,24330,24345,10418,-0.0018450184501844769
2016-04-27,24355,24395,24330,24340,7694,-0.00020538098172107055
2016-04-28,24535,24535,24265,24285,7459,-0.0022596548890715384
2016-04-29,24225,24285,24175,24190,5175,-0.003911879761169468
2016-05-02,24035,24090,24025,24090,27196,-0.004133939644481166
2016-05-03,24195,24280,24195,24235,8338,0.006019095060191049
2016-05-04,24115,24120,24025,24065,5240,-0.0070146482360222695
2016-05-09,24150,24150,24025,24075,2979,0.00041554124246823143
2016-05-10,24050,24135,24005,24135,20365,0.0024922118380061864
2016-05-11,24250,24330,24250,24305,9476,0.007043712450797601
2016-05-12,24150,24180,24090,24180,4088,-0.00514297469656444
2016-05-13,24100,24145,24015,24015,9515,-0.006823821339950409
2016-05-16,23960,24020,23895,23990,6163,-0.0010410160316468575
2016-05-17,24085,24200,24085,24200,4981,0.008753647353063831
2016-05-18,23980,23990,23885,23940,6655,-0.01074380165289257
2016-05-19,23850,23935,23835,23880,4421,-0.0025062656641604564
2016-05-20,23995,24010,23890,24010,3683,0.005443886097152406
2016-05-23,24015,24045,23960,24015,3890,0.00020824656393170216
2016-05-24,24000,24010,23950,23950,4871,-0.0027066416822818518
2016-05-25,24280,24410,24280,24400,4895,0.018789144050104456
2016-05-26,24470,24470,24420,24440,5881,0.0016393442622950616
2016-05-27,24440,24540,24440,24530,6097,0.0036824877250409838
2016-05-30,24530,24635,24530,24625,2716,0.0038728088055441923
2016-05-31,24620,24660,24600,24630,5901,0.00020304568527929057
2016-06-01,24650,24650,24550,24550,2518,-0.0032480714575721104
2016-06-02,24585,24620,24515,24565,4955,0.0006109979633401874
2016-06-03,24655,24695,24635,24685,8575,0.004884998982291888
2016-06-07,24635,24760,24635,24750,6813,0.0026331780433461738
2016-06-08,24720,24735,24660,24735,13328,-0.00060606060606061
2016-06-09,24715,24820,24715,24770,8843,0.0014149989892864312
2016-06-10,24730,24775,24720,24760,4101,-0.0004037141703673308
2016-06-13,24545,24645,24450,24495,4740,-0.010702746365105043
2016-06-14,24430,24430,24310,24375,10954,-0.004898958971218614
2016-06-15,24375,24375,24275,24290,2655,-0.0034871794871794703
2016-06-16,24320,24320,24210,24225,4302,-0.0026759983532317344
2016-06-17,24475,24475,24375,24395,1343,0.007017543859649145
2016-06-20,24405,24530,24405,24525,1912,0.00532896085263368
2016-06-21,24560,24560,24410,24495,2437,-0.0012232415902140303
2016-06-22,24435,24500,24435,24490,717,-0.0002041232904674839
2016-06-23,24530,24590,24520,24580,1879,0.0036749693752551327
2016-06-24,24575,24665,23040,23530,5654,-0.0427176566314077
2016-06-27,23350,23725,23350,23725,10684,0.008287292817679592
2016-06-28,23445,23655,23435,23640,4278,-0.003582718651211847
2016-06-29,23970,23970,23860,23930,1503,0.012267343485617532
2016-06-30,24240,24365,24240,24255,5005,0.01358127872962811
2016-07-01,24400,24570,24400,24570,69068,0.01298701298701288
2016-07-04,24570,24710,24570,24710,6435,0.005698005698005604
2016-07-05,24770,24770,24550,24615,6423,-0.0038445973290165414
2016-07-06,24605,24605,24290,24415,9813,-0.008125126955108697
2016-07-07,24600,24635,24565,24635,5532,0.009010853983207001
2016-07-08,24420,24630,24420,24545,3415,-0.0036533387456870736
2016-07-11,24840,25040,24840,25040,3875,0.02016704013037285
2016-07-12,25025,25095,25010,25035,10752,-0.00019968051118213204
2016-07-13,25105,25230,25105,25165,4727,0.005192730177751237
2016-07-14,25170,25230,25165,25230,16683,0.0025829525134115627
2016-07-15,25205,25350,25205,25300,9068,0.002774474831549689
2016-07-18,25300,25365,25300,25350,5043,0.0019762845849802257
2016-07-19,25355,25400,25315,25340,12242,-0.00039447731755426485
2016-07-20,25335,25375,25305,25350,6835,0.00039463299131803353
2016-07-21,25350,25490,25350,25485,10072,0.005325443786982298
2016-07-22,25265,25385,25265,25355,6398,-0.005101039827349441
2016-07-25,25400,25520,25400,25460,14666,0.00414119503056587
2016-07-26,25410,25455,25345,25450,9696,-0.00039277297721918014
2016-07-27,25400,25495,25400,25485,5926,0.0013752455795676966
2016-07-28,25520,25520,25380,25455,4700,-0.0011771630370805974
2016-07-29,25455,25470,25355,25430,8092,-0.0009821253191907298
2016-08-01,25465,25585,25460,25575,3563,0.005701926858041606
2016-08-02,25600,25600,25400,25450,27522,-0.004887585532746819
2016-08-03,25350,25350,25220,25255,7561,-0.007662082514734769
2016-08-04,25305,25375,25285,25345,3346,0.003563650762225201
2016-08-05,25350,25415,25350,25400,3730,0.0021700532649437942
2016-08-08,25450,25585,25450,25535,9563,0.005314960629921206
2016-08-09,25515,25570,25510,25510,6948,-0.000979048364989188
2016-08-10,25520,25555,25515,25540,7561,0.0011760094080752737
2016-08-11,25510,25535,25465,25530,2782,-0.0003915426781518905
2016-08-12,25530,25630,25530,25580,3089,0.0019584802193497453
2016-08-16,25580,25670,25580,25640,4714,0.0023455824863174435
2016-08-17,25595,25615,25545,25615,1602,-0.0009750390015600408
2016-08-18,25590,25630,25570,25605,1517,-0.00039039625219594587
2016-08-19,25605,25650,25600,25605,2101,0.0
2016-08-22,25580,25600,25550,25590,5445,-0.0005858230814294041
2016-08-23,25580,25625,25570,25610,12465,0.0007815552950372062
2016-08-24,25640,25695,25615,25660,3535,0.001952362358453641
2016-08-25,25660,25660,25510,25560,1133,-0.0038971161340607408
2016-08-26,25540,25540,25495,25530,2961,-0.0011737089201877549
2016-08-29,25500,25550,25410,25420,2111,-0.004308656482569506
2016-08-30,25575,25625,25565,25600,3160,0.007081038552321006
2016-08-31,25595,25600,25500,25565,107468,-0.0013671874999999778
2016-09-01,25590,25590,25450,25550,22595,-0.0005867396831605864
2016-09-02,25525,25525,25405,25465,22632,-0.003326810176125239
2016-09-05,25585,25620,25585,25620,43313,0.00608678578441002
2016-09-06,25685,25685,25545,25560,8573,-0.0023419203747072626
2016-09-07,25535,25675,25535,25670,3615,0.004303599374021916
2016-09-08,25670,25670,25620,25645,395,-0.0009738994935722944
2016-09-09,25585,25585,25535,25570,2950,-0.002924546695262209
2016-09-12,25000,25000,24760,24765,6323,-0.03148220570981619
2016-09-13,25250,25340,25230,25230,6960,0.01877649909145962
2016-09-19,25230,25250,25150,25235,534,0.00019817677368205722
2016-09-20,25130,25195,25075,25195,3173,-0.0015851000594412357
2016-09-21,25170,25225,25050,25225,17077,0.0011907124429451077
2016-09-22,25475,25475,25300,25385,4464,0.006342913776015813
2016-09-23,25405,25540,25405,25525,9572,0.005515067953515862
2016-09-26,25435,25435,25320,25370,7860,-0.006072477962781542
2016-09-27,25370,25370,25100,25350,7867,-0.0007883326763894472
2016-09-28,25325,25335,25280,25325,10226,-0.0009861932938856066
2016-09-29,25490,25515,25445,25510,26872,0.007305034550839196
2016-09-30,25360,25360,25165,25165,11003,-0.013524108192865536
2016-10-04,25415,25415,25320,25325,2024,0.00635803695608983
2016-10-05,25250,25275,25190,25255,73164,-0.0027640671273445605
2016-10-06,25325,25375,25300,25355,6837,0.003959611958028075
2016-10-07,25350,25350,25295,25310,9888,-0.0017747978702425948
2016-10-10,25310,25370,25285,25370,3749,0.002370604504148499
2016-10-11,25405,25455,25340,25385,2670,0.0005912495072921686
2016-10-12,25200,25200,25135,25170,717,-0.008469568642899383
2016-10-13,25190,25190,24935,24970,21272,-0.007945967421533529
2016-10-14,25025,25100,25025,25050,641,0.0032038446135362886
2016-10-17,25040,25040,24940,24945,3249,-0.004191616766467066
2016-10-18,25005,25125,25005,25125,3135,0.007215874924834553
2016-10-19,25130,25150,25085,25150,5057,0.0009950248756218638
2016-10-20,25180,25245,25180,25245,553,0.0037773359840953535
2016-10-21,25200,25200,25115,25140,400,-0.004159239453357055
2016-10-24,25145,25210,25145,25210,5540,0.0027844073190135266
2016-10-25,25250,25315,25240,25285,10064,0.0029750099166996335
2016-10-26,25165,25165,25095,25150,264,-0.00533913387383822
2016-10-27,25100,25150,25085,25090,1018,-0.0023856858846919016
2016-10-28,25065,25090,25015,25020,1537,-0.002789956157831841
2016-10-31,25015,25120,24995,25120,2944,0.003996802557953538
2016-11-01,25030,25080,24970,25080,7021,-0.0015923566878981443
2016-11-02,24880,24880,24705,24710,3926,-0.014752791068580517
2016-11-03,24675,24695,24555,24635,1762,-0.003035208417644708
2016-11-04,24585,24585,24540,24580,448,-0.0022325959001420204
2016-11-07,24800,24815,24770,24815,1160,0.009560618388934072
2016-11-08,24960,25090,24960,25090,2539,0.011082006850695159
2016-11-09,25190,25310,23100,24125,46927,-0.038461538461538436
2016-11-10,25250,25610,25250,25545,15932,0.05886010362694294
2016-11-11,25545,25580,25445,25580,8661,0.0013701311411236095
2016-11-14,25580,25625,25495,25625,12081,0.0017591868647379716
2016-11-15,25575,25575,25420,25465,7888,-0.006243902439024396
2016-11-16,25565,25755,25565,25695,427,0.009032004712350217
2016-11-17,25655,25665,25575,25665,587,-0.0011675423234092097
2016-11-18,25700,25750,25685,25735,1611,0.0027274498344047604
2016-11-21,25740,25795,25700,25785,6980,0.0019428793471925054
2016-11-22,25785,25990,25785,25915,6940,0.005041690905565277
2016-11-23,25865,26000,25865,25995,2648,0.003087015242137836
2016-11-24,25970,25980,25895,25955,2140,-0.0015387574533564097
2016-11-25,25930,26045,25930,26005,8107,0.0019264110961279002
2016-11-28,26005,26060,25975,26050,6809,0.0017304364545280837
2016-11-29,26050,26050,25895,25940,824,-0.004222648752399194
2016-11-30,25940,26015,25930,26010,2730,0.002698535080956077
2016-12-01,26010,26010,25885,25950,2776,-0.0023068050749711633
2016-12-02,25940,25940,25750,25780,860,-0.006551059730250497
2016-12-05,25765,25820,25750,25775,26397,-0.00019394879751744032
2016-12-06,25875,26025,25875,25995,32849,0.008535402521823388
2016-12-07,26030,26105,26025,26105,569,0.004231582996730099
2016-12-08,26240,26425,26240,26400,1279,0.011300517142309952
2016-12-09,26450,26540,26450,26535,1082,0.005113636363636376
2016-12-12,26625,26730,26620,26660,1455,0.004710759374411122
2016-12-13,26660,26660,26545,26585,1096,-0.00281320330082524
2016-12-14,26755,26810,26740,26755,20004,0.006394583411698296
2016-12-15,26700,26700,26600,26670,4040,-0.0031769762661184586
2016-12-16,26670,26725,26645,26725,2705,0.00206224221972251
2016-12-19,26725,26750,26655,26750,4839,0.00093545369504211
2016-12-20,26750,26755,26680,26750,8518,0.0
2016-12-21,26760,26825,26750,26810,2431,0.0022429906542056344
2016-12-22,26785,26785,26650,26670,1170,-0.005221932114882533
2016-12-23,26800,26800,26665,26665,2254,-0.0001874765654292787
2016-12-26,26700,27000,26700,26820,2155,0.0058128633039564725
2016-12-27,26745,26750,26620,26750,6685,-0.0026099925428784143
2016-12-28,26710,26780,26700,26730,4069,-0.0007476635514018781
2016-12-29,26680,26680,26525,26600,2139,-0.00486344930789373
2017-01-02,26560,26560,26300,26450,742,-0.005639097744360888
2017-01-03,26370,26610,26370,26520,6137,0.002646502835538689
2017-01-04,26590,26700,26585,26635,8254,0.004336349924585203
2017-01-05,26810,26810,26715,26785,1863,0.005631687629059412
2017-01-06,26760,26795,26715,26795,5790,0.0003733432891543931
2017-01-09,26825,26925,26825,26925,3983,0.00485165142750521
2017-01-10,26805,26805,26700,26760,2412,-0.006128133704735417
2017-01-11,26805,26805,26690,26765,12569,0.00018684603886387485
2017-01-12,26755,26850,26740,26785,2944,0.0007472445357743496
2017-01-13,26760,26825,26725,26815,133642,0.0011200298674631792
2017-01-16,26850,26850,26795,26840,7095,0.0009323140033563604
2017-01-17,26815,26835,26765,26810,18814,-0.0011177347242921076
2017-01-18,26750,26845,26725,26830,27867,0.0007459903021260761
2017-01-19,26880,26880,26765,26825,7619,-0.000186358553857624
2017-01-20,26800,26815,26735,26815,5738,-0.00037278657968309314
2017-01-23,26800,26800,26680,26735,11109,-0.00298340481074022
2017-01-24,26735,26770,26705,26765,10017,0.001122124555825721
2017-01-25,27000,27000,26890,26940,12041,0.006538389688025337
2017-01-26,27005,27210,27005,27210,17775,0.010022271714922093
2017-01-31,27155,27155,26800,26850,18424,-0.013230429988974612
2017-02-01,26870,26920,26860,26920,5122,0.0026070763500931626
2017-02-02,26870,26885,26735,26790,40247,-0.004829123328380369
2017-02-03,26850,26905,26810,26885,13199,0.0035460992907800915
2017-02-06,26885,27115,26885,27110,36294,0.00836897898456379
2017-02-07,27085,27085,26975,27050,15160,-0.0022132054592400863
2017-02-08,27025,27075,26985,27075,6985,0.0009242144177448175
2017-02-09,27115,27115,27025,27095,14842,0.000738688827331524
2017-02-10,27205,27305,27195,27255,28965,0.005905148551393236
2017-02-13,27340,27425,27340,27390,88250,0.004953219592735314
2017-02-14,27450,27535,27450,27505,15414,0.004198612632347665
2017-02-15,27485,27665,27485,27650,8495,0.0052717687693146775
2017-02-16,27740,27790,27715,27770,26425,0.0043399638336347746
2017-02-17,27770,27770,27665,27730,9158,-0.0014404033129276073
2017-02-20,27730,27850,27715,27850,12693,0.0043274432023079346
2017-02-21,27825,28455,27700,27830,15313,-0.0007181328545781129
2017-02-22,28500,28500,27870,27945,23031,0.004132231404958775
2017-02-23,27935,27940,27875,27930,83427,-0.0005367686527106841
2017-02-24,28065,28065,27860,27920,26144,-0.0003580379520229382
2017-02-27,28425,28425,27905,27995,21474,0.002686246418338145
2017-02-28,28005,28020,27955,27990,26355,-0.00017860332202179752
2017-03-02,28495,28495,28255,28310,14253,0.011432654519471175
2017-03-03,28350,28350,28045,28105,45756,-0.007241257506181542
2017-03-06,28080,28090,28005,28080,31580,-0.0008895214374666782
2017-03-07,28080,28115,28025,28110,35396,0.0010683760683760646
2017-03-08,28395,28395,27915,27990,22346,-0.004268943436499417
2017-03-09,28335,28335,27925,28005,34686,0.000535905680600246
2017-03-10,28155,28155,27980,28110,24693,0.003749330476700674
2017-03-13,28100,28100,27975,28085,32640,-0.0008893632159373555
2017-03-14,28300,28300,28000,28105,10160,0.0007121239095602139
2017-03-15,28105,28105,27980,28080,20523,-0.0008895214374666782
2017-03-16,28300,28300,28165,28290,69104,0.007478632478632452
2017-03-17,28290,28290,28115,28180,15797,-0.003888299752562774
2017-03-20,28365,28365,28030,28105,4072,-0.002661462029808326
2017-03-21,28350,28350,28000,28070,6680,-0.001245330012453305
2017-03-22,28045,28045,27560,27600,44211,-0.01674385464909156
2017-03-23,28300,28300,27730,27830,3067,0.008333333333333304
2017-03-24,28385,28385,27735,27835,15602,0.0001796622349981014
2017-03-27,27835,27835,27460,27460,20662,-0.013472247170828067
2017-03-28,27730,27775,27650,27755,4415,0.010742898761835429
2017-03-29,28035,28035,27805,27915,10248,0.005764727076202458
2017-03-30,28035,28035,27890,27890,7600,-0.0008955758552748883
2017-03-31,28030,28030,27845,27845,61916,-0.0016134815346001696
2017-04-03,27965,28000,27860,28000,180667,0.005566528999820353
2017-04-04,27920,27920,27765,27875,102964,-0.004464285714285698
2017-04-05,27970,27970,27860,27900,135643,0.0008968609865471766
2017-04-06,27900,28095,27635,27805,129624,-0.003405017921147002
2017-04-07,27925,27925,27690,27855,146183,0.0017982377270275851
2017-04-10,27840,27965,27810,27935,277734,0.0028720157960868686
2017-04-11,27920,27935,27795,27875,134803,-0.0021478432074458764
2017-04-12,27875,27875,27745,27775,110109,-0.0035874439461883734
2017-04-13,27770,27775,27620,27765,365092,-0.00036003600360035026
2017-04-14,27665,27795,27530,27755,104919,-0.0003601656762111105
2017-04-17,27645,27645,27470,27570,142638,-0.006665465681859106
2017-04-18,27820,27820,27650,27800,112285,0.008342401160681856
2017-04-19,27750,27750,27640,27665,116812,-0.004856115107913617
2017-04-20,27840,27840,27600,27660,107289,-0.00018073377914329392
2017-04-21,27695,28000,27695,27925,122988,0.009580621836587033
2017-04-24,27990,28130,27975,28120,124477,0.006982990152193391
2017-04-25,28095,28155,27995,28150,134921,0.001066856330014243
2017-04-26,28200,28285,28170,28275,113381,0.00444049733570151
2017-04-27,28270,28270,28170,28170,127201,-0.003713527851458842
2017-04-28,28175,28285,28175,28280,115798,0.003904863329783348
2017-05-02,28295,28300,28190,28290,120292,0.0003536067892504491
2017-05-04,28240,28290,28195,28280,111485,-0.0003534817956875047
2017-05-08,28280,28430,28280,28410,131322,0.004596888260254506
2017-05-10,28325,28330,28225,28240,120894,-0.005983808518127409
2017-05-11,28260,28395,28260,28350,109070,0.0038951841359773365
2017-05-12,28350,28350,28215,28215,223468,-0.004761904761904745
2017-05-15,28235,28350,28235,28350,130403,0.004784688995215225
2017-05-16,28350,28450,28345,28450,146394,0.003527336860670305
2017-05-17,28400,28400,28150,28250,501437,-0.007029876977152849
2017-05-18,28115,28115,27320,27975,137276,-0.009734513274336276
2017-05-19,28025,28025,27910,28020,123090,0.0016085790884718953
2017-05-22,28005,28270,28005,28265,119292,0.008743754461099318
2017-05-23,28300,28335,28230,28325,121022,0.00212276667256317
2017-05-24,28360,28405,28310,28330,107296,0.00017652250661970292
2017-05-25,28330,28575,28330,28570,136915,0.008471584892340234
2017-05-26,28575,28595,28505,28585,109864,0.0005250262513125659
2017-05-29,28585,28645,28550,28625,135147,0.0013993353157251143
2017-05-30,28700,28700,28510,28570,108523,-0.0019213973799127038
2017-05-31,28570,28575,28500,28505,119988,-0.0022751137556877854
2017-06-01,28505,28600,28505,28585,110798,0.0028065251710225336
2017-06-02,28670,28865,28670,28850,147071,0.009270596466678382
2017-06-05,28945,28945,28770,28880,156633,0.0010398613518196598
2017-06-07,28830,28835,28740,28810,137381,-0.002423822714681445
2017-06-08,28710,28855,28710,28855,374393,0.0015619576535925717
2017-06-09,29125,29125,28725,28795,114322,-0.0020793623288858365
2017-06-12,28795,28825,28725,28725,306957,-0.0024309776002777728
2017-06-13,29095,29095,28725,28840,266396,0.0040034812880764825
2017-06-14,28940,28940,28865,28925,139529,0.0029472954230236326
2017-06-15,28925,28925,28770,28855,139968,-0.002420051858254113
2017-06-16,28855,28900,28760,28835,137663,-0.0006931207762952418
2017-06-19,28835,28930,28790,28855,117016,0.0006936015259233486
2017-06-20,29030,29090,28860,29065,136109,0.007277768151100261
2017-06-21,28900,28950,28880,28905,141225,-0.005504902804059908
2017-06-22,28870,28870,28780,28860,198162,-0.0015568240788791377
2017-06-23,28895,29070,28810,28905,376142,0.0015592515592515177
2017-06-26,28905,28930,28830,28880,139545,-0.0008649022660439654
2017-06-27,28855,28945,28830,28875,124012,-0.00017313019390585715
2017-06-28,28825,28825,28650,28725,133822,-0.0051948051948051965
2017-06-29,28865,29000,28850,28975,116845,0.00870322019147074
2017-06-30,28875,28875,28650,28740,199355,-0.008110440034512556
2017-07-03,28855,28855,28705,28805,38765,0.0022616562282533614
2017-07-04,29105,29105,28715,28800,68411,-0.00017358097552511165
2017-07-05,28855,28855,28700,28745,8060,-0.0019097222222221877
2017-07-06,28855,28855,28750,28780,3895,0.0012176030614019506
2017-07-07,28855,28855,28550,28575,12089,-0.007123002084781116
2017-07-10,28830,28835,28725,28830,10320,0.00892388451443571
2017-07-11,28810,28810,28720,28780,7600,-0.001734304543877907
2017-07-12,28730,28785,28715,28735,6006,-0.001563585823488589
2017-07-13,28930,28990,28915,28950,10262,0.0074821646076213
2017-07-14,28905,29020,28905,28975,6827,0.0008635578583764403
2017-07-17,29110,29145,29100,29125,86274,0.0051768766177739955
2017-07-18,29120,29200,29085,29110,5147,-0.0005150214592274382
2017-07-19,29245,29245,29115,29170,6073,0.0020611473720371087
2017-07-20,29255,29295,29250,29295,8683,0.004285224545766297
2017-07-21,29280,29315,29275,29285,4209,-0.00034135518006483956
2017-07-24,29285,29405,29200,29230,5928,-0.0018780945876728516
2017-07-25,29210,29310,29210,29245,5307,0.0005131713992474474
2017-07-26,29320,29385,29195,29380,47733,0.004616173704906856
2017-07-27,29335,29440,29335,29430,69295,0.0017018379850237686
2017-07-28,29430,29430,29170,29285,9483,-0.004926945293917795
2017-07-31,29285,29330,29215,29330,35258,0.0015366228444595453
2017-08-01,29330,29380,29230,29380,17729,0.0017047391749063223
2017-08-02,29325,29380,29300,29340,23126,-0.001361470388019037
2017-08-03,29340,29360,29275,29355,3046,0.0005112474437627412
2017-08-04,29405,29405,29250,29365,165847,0.0003406574689150954
2017-08-07,29365,29390,29300,29370,9159,0.00017027073046138597
2017-08-08,29355,29405,29320,29370,2257,0.0
2017-08-09,29445,29445,29200,29305,4765,-0.0022131426625808803
2017-08-10,29400,29400,29230,29280,10781,-0.0008530967411704005
2017-08-11,29250,29250,27435,28920,8202,-0.012295081967213073
2017-08-14,29165,29165,28980,29015,10063,0.0032849239280774434
2017-08-16,29150,29290,29150,29220,33114,0.007065311046010603
2017-08-17,29170,29290,29170,29235,3240,0.0005133470225873182
2017-08-18,29235,29235,28770,28905,3323,-0.011287839917906606
2017-08-21,29100,29100,28720,28725,8364,-0.0062272963155163286
2017-08-22,28955,28955,28800,28820,7115,0.00330722367275893
2017-08-23,29090,29135,29035,29085,28257,0.009195003469812724
2017-08-24,28720,29005,28720,28980,37070,-0.0036101083032491488
2017-08-25,29260,29260,28915,28935,7996,-0.0015527950310558758
2017-08-28,29160,29160,28880,28910,6296,-0.0008640055296353921
2017-08-29,28915,28915,28750,28900,7062,-0.0003459010722933753
2017-08-30,29095,29095,29005,29090,3009,0.00657439446366781
2017-08-31,29160,29205,29110,29205,2820,0.003953248539016796
2017-09-01,29210,29365,29210,29295,8391,0.0030816640986133237
2017-09-04,29295,29400,29295,29390,7826,0.003242874210616087
2017-09-05,29430,29430,29230,29310,6178,-0.002722014290575059
2017-09-06,29310,29310,29120,29175,5131,-0.004605936540429845
2017-09-07,29165,29235,29165,29205,2851,0.0010282776349614942
2017-09-08,29190,29245,29170,29215,2869,0.0003424071220681224
2017-09-11,29245,29360,29245,29350,4754,0.004620913914085145
2017-09-12,29450,29560,29450,29500,3903,0.005110732538330387
2017-09-13,29575,29610,29545,29600,6185,0.003389830508474523
2017-09-14,29510,29605,29510,29605,7716,0.00016891891891890332
2017-09-15,29565,29590,29520,29570,12669,-0.001182232730957633
2017-09-18,29700,29740,29655,29710,6967,0.004734528238079072
2017-09-19,29745,29745,29680,29720,6575,0.0003365870077414179
2017-09-20,29670,29725,29670,29690,10582,-0.0010094212651413637
2017-09-21,29745,29745,29690,29710,3725,0.000673627484001349
2017-09-22,29660,29705,29565,29650,3266,-0.0020195220464489516
2017-09-25,29690,29735,29615,29645,6180,-0.0001686340640809636
2017-09-26,29605,29645,29575,29620,3318,-0.0008433125316241741
2017-09-27,29600,29645,29590,29640,6945,0.0006752194463199857
2017-09-28,29690,29775,29685,29775,7576,0.0045546558704452345
2017-09-29,29770,29810,29735,29795,33213,0.0006717044500419433
2017-10-10,29900,30260,29900,30245,11890,0.015103205235777795
2017-10-11,30200,30300,30200,30275,5619,0.0009918994875186549
2017-10-12,30280,30330,30265,30300,4170,0.0008257638315440907
2017-10-13,30210,30300,30210,30290,5391,-0.00033003300330036733
2017-10-16,30200,30340,30200,30295,9437,0.00016507098052165325
2017-10-17,30290,30385,30290,30380,13915,0.0028057435220334437
2017-10-18,30180,30400,30180,30375,3018,-0.0001645819618170119
2017-10-19,30300,30435,30295,30350,9772,-0.0008230452674896638
2017-10-20,30250,30540,30250,30445,3538,0.003130148270181321
2017-10-23,30345,30610,30345,30585,2828,0.004598456232550507
2017-10-24,30570,30570,30410,30425,3893,-0.005231322543730599
2017-10-25,30425,30480,30405,30460,3928,0.0011503697617090136
2017-10-26,30460,30460,30345,30395,11796,-0.002133946158896949
2017-10-27,30295,30845,30295,30400,4556,0.00016450074025331496
2017-10-30,30400,30595,30400,30520,3537,0.003947368421052699
2017-10-31,30425,30600,30425,30520,11072,0.0
2017-11-01,30980,30980,30510,30615,19647,0.0031127129750982974
2017-11-02,30515,30555,30460,30480,14423,-0.00440960313571781
2017-11-03,30480,30650,30480,30575,65987,0.0031167979002624246
2017-11-06,30585,30695,30575,30595,6717,0.000654129190515107
2017-11-07,30570,30830,30570,30830,2235,0.007680993626409505
2017-11-08,30780,30780,30685,30710,18639,-0.0038923126824521592
2017-11-09,30715,31000,30710,30765,2580,0.0017909475740800485
2017-11-10,30765,30765,30635,30700,10346,-0.0021127905086949506
2017-11-13,30655,30700,30625,30625,1712,-0.002442996742671011
2017-11-14,30575,30670,30575,30590,1185,-0.0011428571428571122
2017-11-15,30540,30565,30480,30565,36694,-0.000817260542660958
2017-11-16,30515,30565,30465,30565,4275,0.0
2017-11-17,31000,31000,30610,30645,979,0.0026173728120399975
2017-11-20,30430,30625,30430,30540,2875,-0.0034263338228095463
2017-11-21,30545,30700,30545,30680,3152,0.004584151931892544
2017-11-22,30645,30880,30645,30880,3006,0.006518904823989535
2017-11-23,30875,30875,30770,30795,1854,-0.0027525906735751393
2017-11-24,30745,30860,30745,30790,2710,-0.00016236402013314333
2017-11-27,30610,30920,30610,30880,3848,0.002923026956804131
2017-11-28,30880,30880,30810,30830,3466,-0.0016191709844559643
2017-11-29,31000,31195,31000,31195,4078,0.011839117742458605
2017-11-30,31195,31195,31090,31180,5292,-0.00048084628946942765
2017-12-01,31185,31400,31185,31400,53671,0.007055805003207238
2017-12-04,31500,31615,31500,31600,12963,0.006369426751592355
2017-12-05,31620,31620,31300,31410,27207,-0.006012658227848133
2017-12-06,31270,31280,31130,31195,10151,-0.006844953836357859
2017-12-07,31200,31330,31200,31320,9653,0.0040070524122455264
2017-12-08,31325,31410,31300,31350,2976,0.0009578544061301653
2017-12-11,31355,31555,31355,31540,6631,0.0060606060606061
2017-12-12,31495,31655,31495,31645,2790,0.00332910589727331
2017-12-13,31575,31665,31575,31620,5166,-0.0007900142202559302
2017-12-14,31620,31715,31620,31670,21306,0.0015812776723591604
2017-12-15,31675,31675,31470,31545,3844,-0.003946952952320837
2017-12-18,31545,31920,31545,31895,2276,0.011095260738627433
2017-12-19,31985,31990,31940,31965,1597,0.002194701363850138
2017-12-20,31915,31925,31870,31920,3436,-0.001407789770060952
2017-12-21,31845,31850,31805,31820,3259,-0.0031328320802005427
2017-12-22,31835,31920,31835,31920,21483,0.00314267756128217
2017-12-26,31915,31915,31820,31870,125469,-0.0015664160401002158
2017-12-27,31910,31920,31845,31890,6230,0.0006275494195167042
2017-12-28,31865,31900,31835,31875,92657,-0.0004703668861711918
2018-01-02,31835,31865,31750,31770,25463,-0.0032941176470587807
2018-01-03,31935,31995,31935,31995,11717,0.007082152974504208
2018-01-04,32135,32210,32135,32205,4384,0.006563525550867366
2018-01-05,32315,32355,32310,32350,4557,0.004502406458624542
2018-01-08,32550,32570,32540,32560,18910,0.006491499227202491
2018-01-09,32595,32595,32535,32575,22290,0.00046068796068787776
2018-01-10,32625,32675,32615,32640,13386,0.0019953952417497423
2018-01-11,32620,32685,32600,32670,3710,0.0009191176470588758
2018-01-12,32820,32860,32805,32860,4925,0.005815733088460284
2018-01-15,33200,33200,33065,33090,111760,0.0069993913572732325
2018-01-16,33090,33210,33090,33185,49878,0.002870957993351464
2018-01-17,33030,33075,32975,33030,8261,-0.004670784993219823
2018-01-18,33215,33335,33205,33255,26793,0.006811989100817373
2018-01-19,33255,33265,33140,33155,125235,-0.003007066606525388
2018-01-22,33215,33330,33215,33325,5804,0.0051274317599154795
2018-01-23,33430,33705,33430,33705,10311,0.011402850712678214
2018-01-24,33725,33725,33675,33690,7358,-0.00044503782821536664
2018-01-25,33690,33765,33650,33700,24124,0.00029682398337782523
2018-01-26,33715,33770,33705,33755,10995,0.0016320474777447025
2018-01-29,34470,34470,33770,34080,24561,0.009628203229151255
2018-01-30,34080,34150,33580,33700,10825,-0.011150234741784004
2018-01-31,33400,33645,32700,33545,11392,-0.004599406528189909
2018-02-01,33695,33695,33570,33630,90260,0.0025339096735728095
2018-02-02,33505,33570,33370,33445,5913,-0.005501040737436846
2018-02-05,33040,33040,32445,32620,12604,-0.024667364329496233
2018-02-06,30310,31205,30210,30650,34200,-0.06039239730226853
2018-02-07,30665,31965,30665,31635,15552,0.03213703099510612
2018-02-08,32355,32355,30550,31680,9295,0.0014224751066855834
2018-02-09,30290,30955,30290,30865,8420,-0.025726010101010055
2018-02-12,32090,32090,31110,31235,39566,0.011987688320103773
2018-02-13,32000,32000,31335,31385,33245,0.004802305106451188
2018-02-14,32375,32375,31525,31625,6476,0.007646965110721604
2018-02-19,32495,32560,32445,32535,8481,0.028774703557312264
2018-02-20,32350,32535,32225,32330,9618,-0.00630090671584449
2018-02-21,32220,32235,32025,32145,4083,-0.005722239406124374
2018-02-22,31895,31935,31770,31890,15323,-0.00793280447970135
2018-02-23,32105,32295,32105,32295,5609,0.012699905926622845
2018-02-26,32600,32615,32475,32615,6745,0.009908654590493837
2018-02-27,32935,32980,32880,32905,2912,0.008891614287904304
2018-02-28,32605,32605,32400,32495,7793,-0.012460112444917182
2018-03-02,31760,31800,31600,31720,15630,-0.02384982304969996
2018-03-05,31735,31860,31055,31675,23449,-0.0014186633039091623
2018-03-06,32175,32240,32155,32240,5050,0.01783741120757698
2018-03-07,31925,32025,31780,31850,10865,-0.012096774193548376
2018-03-08,32215,32295,32195,32275,2700,0.013343799058084693
2018-03-09,32405,32500,32385,32455,8433,0.005577072037180386
2018-03-12,33130,33175,33000,33135,15868,0.02095208750577715
2018-03-13,32950,32990,32890,32970,1573,-0.00497962879130831
2018-03-14,32685,32735,32620,32735,13090,-0.0071276918410676515
2018-03-15,32630,32650,32485,32605,7032,-0.003971284557812704
2018-03-16,32420,32580,32420,32560,2959,-0.001380156417727374
2018-03-19,32560,32575,32425,32470,3803,-0.0027641277641277107
2018-03-20,32145,32230,32100,32230,281676,-0.007391438250692994
2018-03-21,32180,32230,32145,32195,2916,-0.0010859447719515636
2018-03-22,32145,32220,32110,32170,10133,-0.0007765180928716031
2018-03-23,31120,31920,30965,31020,16195,-0.03574759092322044
2018-03-26,30805,30985,30745,30960,4937,-0.0019342359767892114
2018-03-27,31425,31595,31425,31570,5348,0.019702842377260943
2018-03-28,30935,30980,30775,30905,11375,-0.02106430155210648
2018-03-29,30880,31225,30750,30845,112935,-0.0019414334250121845
2018-03-30,31180,31280,31180,31235,9954,0.0126438644837088
2018-04-02,31235,31235,31100,31150,40896,-0.002721306226988962
2018-04-03,30535,30580,30445,30515,22788,-0.02038523274478332
2018-04-04,30850,30850,30765,30785,17395,0.008848107488120593
2018-04-05,31310,31440,31240,31380,4621,0.019327594607763565
2018-04-06,31380,31380,31000,31165,17261,-0.006851497769279846
2018-04-09,30925,31040,30880,31025,7636,-0.004492218835231876
2018-04-10,30925,31410,30880,31375,17243,0.011281224818694646
2018-04-11,31285,31290,31175,31190,10084,-0.005896414342629441
2018-04-12,31290,31345,31245,31255,1434,0.0020840012824623333
2018-04-13,31375,31500,31330,31490,2124,0.007518796992481258
2018-04-16,31920,31920,31015,31525,9114,0.0011114639568117202
2018-04-17,31700,31860,31700,31860,24145,0.010626486915146671
2018-04-18,31970,32090,31970,32030,69870,0.005335844318895111
2018-04-19,32050,32100,32035,32035,127123,0.0001561036528254789
2018-04-20,31835,32210,31510,31825,166473,-0.006555330107694712
2018-04-23,31675,31675,31595,31635,111047,-0.005970149253731294
2018-04-24,31600,31680,31585,31595,126196,-0.001264422317053926
2018-04-25,31160,31195,31030,31110,159581,-0.015350530147175134
2018-04-26,31335,31370,31205,31240,220276,0.004178720668595259
2018-04-27,31595,31595,31520,31575,163805,0.010723431498079306
2018-04-30,31605,31665,31570,31650,3787,0.002375296912114022
2018-05-02,31660,31705,31295,31365,82843,-0.009004739336492928
2018-05-03,31445,31445,31010,31085,183288,-0.008927148095010384
2018-05-04,31085,31155,31000,31075,22691,-0.00032169856844133093
2018-05-08,31480,31585,31480,31540,65419,0.01496379726468211
2018-05-09,31560,31590,31510,31585,50057,0.0014267596702599583
2018-05-10,31845,31940,31835,31940,132713,0.011239512426784781
2018-05-11,32135,32190,32100,32100,6159,0.0050093926111458575
2018-05-14,32330,32400,32330,32395,156550,0.009190031152648048
2018-05-15,32295,32305,32185,32185,85071,-0.006482481864485301
2018-05-16,32020,32080,31990,32035,16186,-0.004660556159701734
2018-05-17,32190,32230,32145,32165,47605,0.004058061495239684
2018-05-18,32165,32240,32155,32175,108344,0.00031089693766506166
2018-05-21,32295,32300,32245,32255,227717,0.002486402486402417
2018-05-23,32075,32255,32075,32190,92431,-0.00201519144318707
2018-05-24,32235,32280,32160,32245,24816,0.0017086051568810934
2018-05-25,32255,32385,32255,32330,122755,0.0026360676073808875
2018-05-28,32245,32315,32225,32280,129073,-0.0015465511908444585
2018-05-29,32215,32215,32115,32115,95677,-0.005111524163568748
2018-05-30,31825,31925,31765,31925,117323,-0.005916238517826522
2018-05-31,32180,32225,32135,32175,100744,0.007830853563038476
2018-06-01,32235,32890,32075,32075,28729,-0.0031080031080030768
2018-06-04,32355,32420,32310,32400,125964,0.010132501948558081
2018-06-05,32500,32500,32405,32465,19092,0.002006172839506215
2018-06-07,32535,33000,32535,32850,79055,0.0118589249961496
2018-06-08,32750,32825,32655,32700,12201,-0.004566210045662156
2018-06-11,32770,32875,32770,32875,107707,0.005351681957186605
2018-06-12,32895,32950,32885,32950,49801,0.0022813688212928174
2018-06-14,32885,32890,32750,32800,89307,-0.004552352048558417
2018-06-15,32890,32935,32875,32920,82876,0.003658536585365857
2018-06-18,32905,32910,32710,32770,96202,-0.004556500607533431
2018-06-19,32695,32700,32420,32480,168970,-0.008849557522123908
2018-06-20,32680,32790,32550,32775,62357,0.009082512315270908
2018-06-21,32775,32910,32730,32825,210112,0.0015255530129671957
2018-06-22,32555,32640,32500,32615,102225,-0.0063975628332063605
2018-06-25,32600,32600,32410,32465,82185,-0.00459911083857123
2018-06-26,32365,32365,32080,32230,288854,-0.0072385646080393995
2018-06-27,32270,32270,32165,32170,69158,-0.0018616196090598391
2018-06-28,32020,32070,31940,32025,74919,-0.004507304942492962
2018-06-29,32170,32270,32065,32230,109447,0.006401249024199807
2018-07-02,32130,32225,31955,31995,3554,-0.007291343468817879
2018-07-03,32230,32290,32120,32260,17306,0.008282544147522941
2018-07-04,32065,32130,32015,32110,1577,-0.004649721016738995
2018-07-05,32120,32205,32020,32105,14538,-0.00015571473061348762
2018-07-06,32300,32470,32265,32420,6734,0.009811555832424768
2018-07-09,32655,32790,32655,32775,4512,0.010950030845157332
2018-07-10,32945,33015,32920,32970,34294,0.00594965675057213
2018-07-11,32795,32830,32670,32795,11151,-0.005307855626326963
2018-07-12,32795,32925,32795,32915,1394,0.0036590943741423576
2018-07-13,33095,33180,33095,33175,2829,0.007899134133373842
2018-07-16,33175,33210,33115,33160,17199,-0.00045214770158252815
2018-07-17,33125,33125,32980,33030,5208,-0.003920386007237653
2018-07-18,33250,33270,33210,33255,4587,0.006811989100817373
2018-07-19,33300,33305,33230,33260,1917,0.0001503533303262028
2018-07-20,33150,33230,33020,33130,3752,-0.003908598917618744
2018-07-23,33145,33145,33010,33105,8996,-0.0007546030787806135
2018-07-24,33260,33325,33240,33325,5787,0.0066455218244978465
2018-07-25,33275,33355,33240,33310,3102,-0.0004501125281319851
2018-07-26,33325,33580,33325,33540,8034,0.006904833383368336
2018-07-27,33565,33635,33550,33635,1791,0.0028324388789504606
2018-07-30,33300,33310,33170,33170,10472,-0.01382488479262678
2018-07-31,33180,33200,33115,33200,7244,0.0009044317154054404
2018-08-01,32925,33515,32925,33365,7453,0.004969879518072373
2018-08-02,33220,33270,33125,33175,21919,-0.005694590139367572
2018-08-03,33475,33485,33410,33470,16753,0.008892238131122943
2018-08-06,33540,33650,33540,33620,8680,0.004481625336121953
2018-08-07,33715,33760,33645,33760,17938,0.0041641879833431705
2018-08-08,33765,33855,33760,33815,75616,0.0016291469194313901
2018-08-09,33760,33825,33695,33815,10017,0.0
2018-08-10,33755,33755,33595,33635,33173,-0.005323081472719204
2018-08-13,33515,33525,33370,33485,4513,-0.004459640255686015
2018-08-14,33400,33555,33400,33555,13192,0.002090488278333691
2018-08-16,33205,33555,33205,33485,51624,-0.0020861272537624487
2018-08-17,33635,33685,33590,33665,7630,0.005375541287143459
2018-08-20,33760,33785,33730,33770,118138,0.003118966285459601
2018-08-21,33805,33835,33770,33835,81814,0.0019247853124073622
2018-08-22,33705,33820,33690,33745,7829,-0.002659967489286208
2018-08-23,33820,33875,33795,33865,101950,0.0035560823825750987
2018-08-24,33815,33890,33765,33865,7224,0.0
2018-08-27,34055,34130,34055,34120,25710,0.007529898124907675
2018-08-28,34270,34375,34270,34305,50998,0.005422039859320105
2018-08-29,34335,34375,34335,34340,29235,0.0010202594373998064
2018-08-30,34440,34500,34405,34460,22802,0.0034944670937682165
2018-08-31,34295,34360,34245,34340,9522,-0.0034822983168891763
2018-09-03,34340,34400,34280,34360,67306,0.0005824111822947398
2018-09-04,34380,34430,34315,34430,4034,0.0020372526193248586
2018-09-05,34295,34310,34215,34225,14157,-0.005954109787975614
2018-09-06,34170,34205,34090,34090,28438,-0.003944485025566102
2018-09-07,34045,34080,33945,34080,4038,-0.00029334115576418185
2018-09-10,34015,34090,33995,34080,22059,0.0
2018-09-11,34105,34145,34045,34140,29068,0.0017605633802817433
2018-09-12,34220,34225,34155,34220,83906,0.0023432923257176164
2018-09-13,34180,34205,34115,34155,4508,-0.0018994739918176684
2018-09-14,34330,34405,34330,34405,8516,0.007319572536963914
2018-09-17,34330,34335,34260,34315,51046,-0.002615898851911047
2018-09-18,34075,34200,34025,34200,37053,-0.003351304094419305
2018-09-19,34320,34400,34315,34400,1744,0.005847953216374213
2018-09-20,34460,34460,34360,34410,57546,0.00029069767441858296
2018-09-21,34725,34725,34665,34710,46894,0.008718395815169977
2018-09-27,34710,34710,34345,34365,2466,-0.009939498703543603
2018-09-28,34365,34505,34365,34420,60074,0.001600465589989719
2018-10-01,34525,34670,34525,34660,26731,0.006972690296339401
2018-10-02,34605,34605,34490,34540,321602,-0.0034622042700519495
2018-10-04,34575,34580,34410,34415,17515,-0.0036189924724956413
2018-10-05,34365,34445,34310,34400,5713,-0.00043585645793986494
2018-10-08,34175,34245,34130,34180,12653,-0.006395348837209269
2018-10-10,34135,34135,34035,34075,4124,-0.003071971913399696
2018-10-11,34000,34000,32450,32605,187639,-0.04314013206162881
2018-10-12,32605,32860,32555,32800,36628,0.00598067781015188
2018-10-15,32660,32660,32470,32500,22445,-0.009146341463414642
2018-10-16,32505,32590,32495,32545,10977,0.0013846153846153175
2018-10-17,33190,33275,33190,33275,11491,0.02243048087263788
2018-10-18,33095,33150,33020,33055,15299,-0.006611570247933907
2018-10-19,32725,32865,32685,32865,12167,-0.005747995764634695
2018-10-22,32565,32750,32445,32750,11066,-0.0034991632435721343
2018-10-23,32495,32495,32110,32175,10199,-0.017557251908396965
2018-10-24,32335,32440,32255,32315,51979,0.004351204351204396
2018-10-25,31405,31580,31395,31580,53184,-0.022744855330341984
2018-10-26,31505,31575,31320,31565,3703,-0.0004749841671943811
2018-10-29,31565,31630,31375,31435,16610,-0.004118485664501792
2018-10-30,31100,31435,31080,31365,6759,-0.0022268172419277477
2018-10-31,31680,31825,31630,31810,32175,0.014187788936712797
2018-11-01,31725,32120,31725,31985,43175,0.005501414649481395
2018-11-02,32255,32580,32170,32580,46548,0.01860246990776937
2018-11-05,32060,32090,31985,32085,43263,-0.015193370165745845
2018-11-06,32280,32390,32275,32335,22824,0.007791803023219579
2018-11-07,32495,32710,32400,32580,56969,0.00757692902427709
2018-11-08,33155,33240,33100,33170,2664,0.01810926949048497
2018-11-09,33105,33155,33035,33095,14146,-0.002261079288513712
2018-11-12,32790,32965,32740,32940,20357,-0.004683486931560621
2018-11-13,32205,32345,32070,32330,13135,-0.01851851851851849
2018-11-14,32275,32280,32085,32175,66781,-0.004794308691617677
2018-11-15,31885,31935,31705,31935,81881,-0.007459207459207473
2018-11-16,32170,32220,32080,32140,115857,0.0064192891811492014
2018-11-19,32190,32265,32145,32210,352435,0.002177971375233456
2018-11-20,31745,31810,31650,31725,7785,-0.015057435579012735
2018-11-21,31790,31790,30775,31265,62298,-0.014499605988967712
2018-11-22,31255,31315,31190,31310,63085,0.0014393091316167173
2018-11-23,31160,31200,30960,31120,90990,-0.006068348770360887
2018-11-26,31120,31200,31065,31200,16540,0.0025706940874035134
2018-11-27,31395,31470,31305,31425,67258,0.007211538461538547
2018-11-28,31635,31750,31620,31750,61391,0.010342084327764622
2018-11-29,32270,32315,32190,32235,41606,0.015275590551180995
2018-11-30,32270,32340,32255,32335,12562,0.003102218085931474
2018-12-03,33060,33105,32965,33100,3612,0.023658574300293722
2018-12-04,32860,32860,32580,32685,63827,-0.012537764350453173
2018-12-05,31955,32005,31870,31900,442141,-0.024017133241548083
2018-12-06,31645,31645,31345,31450,123533,-0.014106583072100332
2018-12-07,31790,31790,31595,31670,29605,0.0069952305246423485
2018-12-10,30865,30910,30770,30895,53599,-0.024471108304389033
2018-12-11,31120,31140,30950,31075,9779,0.005826185466903944
2018-12-12,30900,31375,30900,31375,2541,0.0096540627514079
2018-12-13,31360,31430,31280,31425,12720,0.0015936254980080111
2018-12-14,31180,31180,30875,30975,31962,-0.014319809069212375
2018-12-17,30745,30840,30665,30810,43027,-0.0053268765133172025
2018-12-18,30200,30255,30070,30125,8173,-0.022233041220382943
2018-12-19,29995,31000,29920,30085,42733,-0.0013278008298754918
2018-12-20,29925,29925,29175,29780,48014,-0.010137942496260544
2018-12-21,29240,29525,29155,29240,21645,-0.01813297515110812
2018-12-24,28475,28625,28380,28600,5649,-0.02188782489740082
2018-12-26,27585,27725,27400,27585,36449,-0.035489510489510434
2018-12-27,28620,29220,28620,28975,78356,0.05038970454957403
2018-12-28,29175,29510,29175,29330,52627,0.012251941328731641
2019-01-02,29565,29860,29145,29260,19934,-0.0023866348448687846
2019-01-03,29165,29275,29005,29025,21634,-0.008031442241968612
2019-01-04,28805,29055,28685,29055,9393,0.001033591731266048
2019-01-07,29845,30055,29840,29890,7412,0.02873859920839794
2019-01-08,30070,30145,30055,30085,17471,0.006523921043827263
2019-01-09,30160,30460,30160,30400,30689,0.010470334053515051
2019-01-10,30385,30385,30195,30260,53166,-0.004605263157894779
2019-01-11,30475,30545,30450,30525,39611,0.008757435558492954
2019-01-14,30435,30435,30255,30290,16267,-0.007698607698607751
2019-01-15,30420,30605,30420,30605,24744,0.010399471772862379
2019-01-16,30765,30770,30635,30770,3782,0.005391275935304751
2019-01-17,30770,30770,30630,30680,10202,-0.0029249268768281045
2019-01-18,31040,31135,31000,31125,2161,0.0145045632333769
2019-01-21,31375,31430,31330,31395,7498,0.00867469879518068
2019-01-22,31380,31400,31195,31215,13906,-0.005733397037744892
2019-01-23,31005,31075,30945,31045,76135,-0.0054460996315873755
2019-01-24,31025,31100,31000,31040,2459,-0.0001610565308423073
2019-01-25,31075,31225,31040,31200,48911,0.005154639175257714
2019-01-28,31320,31320,31220,31245,17771,0.0014423076923077982
2019-01-29,31050,31070,30930,31070,7360,-0.005600896143382994
2019-01-30,31095,31155,31050,31090,31753,0.0006437077566785465
2019-01-31,31600,31700,31565,31600,28677,0.01640398842071411
2019-02-01,31825,31890,31780,31825,14179,0.007120253164556889
2019-02-07,32000,32135,32000,32080,2724,0.008012568735271008
2019-02-08,31785,31785,31660,31670,9062,-0.012780548628428923
2019-02-11,31830,31860,31780,31850,4155,0.005683612251341952
2019-02-12,31850,32070,31850,32070,1353,0.0069073783359496765
2019-02-13,32310,32465,32310,32465,39106,0.012316806984720818
2019-02-14,32400,32475,32315,32475,5422,0.00030802402587393196
2019-02-15,32325,32325,32140,32195,10612,-0.008622016936104648
2019-02-18,32680,32750,32670,32720,1041,0.016306879950302777
2019-02-19,32660,32745,32655,32705,23705,-0.0004584352078239595
2019-02-20,32690,32745,32660,32735,5492,0.0009172909341079727
2019-02-21,32790,32945,32780,32890,2914,0.004734993126622955
2019-02-22,32645,32690,32615,32685,20911,-0.006232897537245319
2019-02-25,33015,33015,32900,32980,3835,0.009025546886951119
2019-02-26,32940,32940,32785,32810,20978,-0.005154639175257714
2019-02-27,32790,32910,32790,32850,7810,0.0012191405059434057
2019-02-28,32880,32925,32805,32815,5237,-0.001065449010654529
2019-03-04,33145,33215,33135,33175,6121,0.010970592716745386
2019-03-05,32890,32920,32815,32920,7471,-0.0076865109269027565
2019-03-06,32845,32855,32770,32810,24673,-0.003341433778857872
2019-03-07,32640,32640,32545,32580,23234,-0.007010057909174083
2019-03-08,32430,32430,32270,32275,67615,-0.009361571516267597
2019-03-11,32295,32390,32230,32380,8379,0.0032532920216885586
2019-03-12,32850,32910,32820,32820,6384,0.013588634959851742
2019-03-13,32895,32915,32800,32855,474,0.0010664229128580782
2019-03-14,33125,33175,33080,33130,3204,0.008370111094201826
2019-03-15,33070,33170,33070,33150,1924,0.0006036824630244464
2019-03-18,33215,33335,33210,33335,4485,0.005580693815987914
2019-03-19,33385,33455,33375,33395,5988,0.0017999100044998606
2019-03-20,33365,33385,33250,33385,8838,-0.00029944602485398875
2019-03-21,33295,33345,33235,33260,8071,-0.003744196495432117
2019-03-22,33635,33695,33595,33615,8647,0.010673481659651207
2019-03-25,33045,33055,32850,32885,5947,-0.02171649561207789
2019-03-26,33015,33130,33015,33060,15225,0.005321575186255201
2019-03-27,33225,33305,33135,33305,51467,0.0074107683000605995
2019-03-28,33030,33030,32880,32970,10635,-0.01005854976730225
2019-03-29,33235,33270,33185,33245,7378,0.008340915984228037
2019-04-01,33530,33630,33530,33590,62001,0.010377500375996496
2019-04-02,33755,33800,33705,33740,18678,0.004465614766299586
2019-04-03,33500,33915,33500,33910,33963,0.005038529934795477
2019-04-04,33885,33920,33825,33825,30824,-0.0025066352108522594
2019-04-05,33910,33980,33905,33980,9066,0.004582409460458292
2019-04-08,34100,34105,33995,34035,19014,0.0016185991759858354
2019-04-09,34100,34115,34030,34070,10171,0.0010283531658585865
2019-04-10,33930,33985,33875,33985,5756,-0.0024948635162900246
2019-04-11,34110,34125,34015,34075,6245,0.0026482271590406725
2019-04-12,34075,34080,34010,34075,5612,0.0
2019-04-15,34280,34280,34235,34270,9140,0.00572267057960385
2019-04-16,34270,34325,34235,34310,27453,0.0011672016340822378
2019-04-17,34260,34345,34220,34315,20346,0.00014573010784024731
2019-04-18,34140,34160,34020,34060,7101,-0.007431152557190734
2019-04-19,34280,34290,34225,34290,7014,0.006752789195537234
2019-04-22,34290,34290,34150,34180,18032,-0.0032079323417906203
2019-04-23,34280,34290,34235,34290,4741,0.0032182562902280942
2019-04-24,34575,34625,34500,34545,41512,0.007436570428696498
2019-04-25,34535,34565,34500,34535,7048,-0.0002894774931249122
2019-04-26,34470,34470,34345,34420,36315,-0.003329955117996275
2019-04-29,34655,34660,34610,34660,34553,0.006972690296339401
2019-04-30,34650,34650,34575,34620,7735,-0.0011540680900172795
2019-05-02,34625,34625,34370,34470,139273,-0.004332755632582286
2019-05-03,34400,34470,34335,34415,44846,-0.0015955903684363726
2019-05-07,34315,34500,34280,34500,84858,0.0024698532616591606
2019-05-08,33955,34100,33945,34050,43909,-0.013043478260869601
2019-05-09,33950,33960,33770,33830,4213,-0.0064610866372980524
2019-05-10,34250,34860,33595,33800,123125,-0.000886786875554213
2019-05-13,33685,33705,33600,33660,35489,-0.004142011834319503
2019-05-14,32980,33275,32980,33205,107017,-0.013517528223410569
2019-05-15,33480,33550,33355,33550,41767,0.010390001505797386
2019-05-16,33550,33590,33460,33530,3927,-0.0005961251862891537
2019-05-17,33960,33965,33770,33775,5413,0.007306889352818313
2019-05-20,33780,33865,33755,33790,4193,0.0004441154700220995
2019-05-21,33540,33640,33510,33625,2746,-0.004883101509322252
2019-05-22,33720,33785,33680,33715,5897,0.002676579925650513
2019-05-23,33630,33630,33480,33480,1395,-0.006970191309506157
2019-05-24,33230,33350,33230,33335,36952,-0.004330943847072888
2019-05-27,33350,33380,33285,33380,76649,0.0013499325033747844
2019-05-28,33945,34860,33345,33405,20717,0.0007489514679448472
2019-05-29,33055,33060,32845,32845,76173,-0.016763957491393477
2019-05-30,32725,32830,32705,32815,22115,-0.0009133810321205749
2019-05-31,32610,32680,32560,32595,13183,-0.006704251104677761
2019-06-03,32230,32290,32190,32285,27780,-0.009510661144347288
2019-06-04,32075,32465,32075,32405,27624,0.0037168963915130693
2019-06-05,33060,33170,33045,33085,21708,0.02098441598518752
2019-06-07,33450,33585,33450,33580,25021,0.014961462898594569
2019-06-10,33955,34030,33915,33985,76524,0.012060750446694524
2019-06-11,33985,34125,33940,34105,57176,0.0035309695453875634
2019-06-12,33970,34035,33895,33895,53216,-0.00615745491863362
2019-06-13,33935,34010,33770,33880,57856,-0.00044254314795688643
2019-06-14,34050,34135,33995,34075,44297,0.005755608028335191
2019-06-17,34075,34160,34055,34105,5620,0.0008804108584006265
2019-06-18,34060,34100,33985,34010,54876,-0.0027855153203342198
2019-06-19,34380,34430,34365,34395,38608,0.01132019994119382
2019-06-20,34525,34630,34525,34630,92832,0.0068323884285506065
2019-06-21,34760,34770,34615,34710,378606,0.0023101357204735606
2019-06-24,34700,34800,34695,34795,43336,0.002448861999423846
2019-06-25,34725,34775,34550,34620,60710,-0.0050294582554964995
2019-06-26,34340,34375,34280,34350,155088,-0.0077989601386482255
2019-06-27,34320,34430,34280,34430,34317,0.002328966521106368
2019-06-28,34535,34550,34405,34470,26682,0.0011617775196048896
2019-07-01,34885,35010,34800,35010,19532,0.015665796344647598
2019-07-02,34850,34930,34815,34920,17318,-0.0025706940874036244
2019-07-03,34965,35015,34935,35000,42609,0.002290950744558984
2019-07-04,35245,35350,35230,35320,84158,0.00914285714285712
2019-07-05,35360,35360,35265,35340,27600,0.0005662514156286047
2019-07-08,35190,35190,35020,35085,13013,-0.007215619694397324
2019-07-09,35020,35020,34855,34930,5015,-0.0044178423827846425
2019-07-10,35090,35140,35015,35015,4532,0.0024334383051818342
2019-07-11,35230,35370,35230,35295,24610,0.00799657289732969
2019-07-12,35325,35420,35325,35410,41237,0.0032582518770363222
2019-07-15,35415,35500,35405,35490,14881,0.0022592487997741273
2019-07-16,35490,35535,35460,35525,12290,0.0009861932938854956
2019-07-17,35375,35395,35330,35380,11245,-0.004081632653061273
2019-07-18,35085,35085,35000,35040,57826,-0.009609949123798756
2019-07-19,35270,35385,35270,35360,4327,0.009132420091324311
2019-07-22,35015,35065,34965,35045,12899,-0.00890837104072395
2019-07-23,35125,35215,35125,35190,5804,0.004137537451847528
2019-07-24,35315,35375,35305,35350,10760,0.004546746234725729
2019-07-25,35550,35575,35505,35570,10609,0.006223479490806261
2019-07-26,35400,35460,35380,35445,29739,-0.003514197357323612
2019-07-29,35545,35565,35510,35535,4150,0.002539145154464739
2019-07-30,35570,35610,35555,35575,8648,0.0011256507668495619
2019-07-31,35475,35530,35445,35480,5194,-0.0026704146170063447
2019-08-01,34975,35110,34930,35030,6539,-0.0126832018038332
2019-08-02,34655,34720,34580,34690,10629,-0.009705966314587533
2019-08-05,34445,34505,34040,34125,266532,-0.016287114442202322
2019-08-06,32695,33515,32675,33405,202110,-0.021098901098901113
2019-08-07,33405,33790,33405,33760,41878,0.010627151624008402
2019-08-08,34125,34230,33775,34085,67715,0.009626777251184881
2019-08-09,34450,34535,34345,34445,141474,0.010561830717324305
2019-08-12,34295,34425,34250,34410,47912,-0.0010161126433444467
2019-08-13,33935,33960,33830,33830,120959,-0.016855565242661963
2019-08-14,34475,34535,34380,34490,312137,0.019509311262193352
2019-08-16,33570,33740,33495,33725,73447,-0.02218034212815312
2019-08-19,34195,34250,34090,34250,86278,0.015567086730911894
2019-08-20,34270,34480,34270,34440,152535,0.005547445255474459
2019-08-21,34100,34200,34100,34195,73448,-0.007113821138211351
2019-08-22,34465,34525,34385,34385,103963,0.005556367890042324
2019-08-23,34385,34520,34345,34505,77705,0.0034898938490621756
2019-08-26,33165,33440,33165,33425,200423,-0.03129981162150408
2019-08-27,33835,33935,33775,33795,93124,0.011069558713537875
2019-08-28,33790,33810,33685,33780,76565,-0.00044385264092317023
2019-08-29,33900,33905,33785,33870,130680,0.002664298401420906
2019-08-30,34365,34475,34315,34315,209860,0.013138470622970244
2019-09-02,34145,34265,34145,34230,97847,-0.0024770508523969115
2019-09-03,34170,34240,34130,34180,199283,-0.0014607069821793717
2019-09-04,34080,34460,34080,34420,227699,0.00702165008777067
2019-09-05,34535,34905,34500,34785,125168,0.010604299825682784
2019-09-06,34995,35035,34960,34980,116927,0.005605864596808896
2019-09-09,35060,35130,35050,35105,72887,0.0035734705546026646
2019-09-10,35055,35090,34940,34970,62179,-0.0038456060390257285
2019-09-11,35005,35090,34915,35055,65423,0.0024306548470116596
2019-09-16,35130,35190,35055,35190,72005,0.0038510911424902705
2019-09-17,35190,35260,35160,35200,66459,0.00028417163967042747
2019-09-18,35275,35300,35215,35260,77541,0.0017045454545454586
2019-09-19,35290,35325,35170,35240,90193,-0.0005672149744753163
2019-09-20,35305,35370,35285,35340,64317,0.002837684449489286
2019-09-23,35340,35415,35195,35255,57388,-0.002405206564799145
2019-09-24,35275,35355,35255,35285,65484,0.0008509431286343183
2019-09-25,34965,34965,34850,34880,85503,-0.01147796514099475
2019-09-26,35055,35070,34950,34995,130561,0.003297018348623837
2019-09-27,34950,35045,34895,35035,62693,0.0011430204314901715
2019-09-30,34850,34965,34845,34950,24297,-0.002426145283288106
2019-10-01,35025,35135,34985,35135,44486,0.005293276108726763
2019-10-02,34595,34635,34530,34530,92520,-0.017219296997296185
2019-10-04,34520,36165,34115,34155,139684,-0.010860121633362252
2019-10-07,35000,35310,34450,34500,4449,0.010101010101010166
2019-10-08,34405,34595,34400,34595,11451,0.002753623188405774
2019-10-10,34115,34595,33920,34250,27313,-0.009972539384304091
2019-10-11,35575,35575,34535,34585,30690,0.009781021897810271
2019-10-14,34950,35010,34860,34915,22183,0.009541708833309182
2019-10-15,34860,34965,34820,34965,5514,0.001432049262494628
2019-10-16,35235,35255,35035,35140,4430,0.005005005005005003
2019-10-17,35080,35115,35000,35055,7397,-0.002418895845190616
2019-10-18,35120,35190,35100,35145,9750,0.0025673940949935137
2019-10-21,35130,35160,35070,35150,3550,0.00014226774790149221
2019-10-22,35205,35345,35205,35300,81674,0.004267425320056972
2019-10-23,35105,35105,34980,35095,6393,-0.005807365439093437
2019-10-24,35230,35295,35220,35290,5139,0.005556347057985578
2019-10-25,35485,35485,35200,35295,2592,0.000141683196372977
2019-10-28,35430,35515,35425,35515,3762,0.006233177503895737
2019-10-29,35585,35660,35585,35655,2624,0.003941996339574816
2019-10-30,35635,35635,35530,35590,6942,-0.0018230262235310324
2019-10-31,35705,35765,35665,35760,13201,0.004776622646810891
2019-11-01,35490,35730,35400,35715,4464,-0.00125838926174493
2019-11-04,36245,36290,35945,36025,33594,0.00867982640347198
2019-11-05,36110,36170,36045,36160,15778,0.003747397640527339
2019-11-06,36045,36055,35990,36045,11842,-0.0031803097345132203
2019-11-07,36080,36080,35980,36025,7427,-0.0005548619780829656
2019-11-08,36155,36240,36080,36080,8727,0.0015267175572519776
2019-11-11,36180,36240,36115,36115,6057,0.0009700665188470126
2019-11-12,36150,36255,36105,36255,4823,0.0038765056070884096
2019-11-13,36255,36255,36105,36175,2774,-0.002206592194180068
2019-11-14,36060,36340,36060,36290,10788,0.0031789910158950274
2019-11-15,36290,36455,36290,36445,14193,0.004271149076880754
2019-11-18,36495,36595,36495,36595,11223,0.004115790917821327
2019-11-19,36555,36650,36535,36630,12931,0.0009564148107665815
2019-11-20,36540,36560,36435,36535,27509,-0.00259350259350255
2019-11-21,36410,36420,36240,36410,11110,-0.003421376762009043
2019-11-22,36405,36475,36330,36460,3961,0.0013732491073881192
2019-11-25,36460,36610,36460,36610,7118,0.004114097641250591
2019-11-26,36610,36870,36610,36780,11387,0.004643540016388892
2019-11-27,36825,36930,36825,36920,10959,0.0038064165307232223
2019-11-28,36910,36920,36850,36900,3073,-0.0005417118093173912
2019-11-29,36935,36980,36880,36895,12837,-0.0001355013550135009
2019-12-02,37345,37345,36930,37025,7736,0.0035235126710937426
2019-12-03,37000,37000,35850,36615,8239,-0.011073598919648875
2019-12-04,36360,36360,36235,36330,7782,-0.0077836952068823795
2019-12-05,36500,36520,36460,36515,2038,0.005092210294522337
2019-12-06,36515,36690,36515,36690,6953,0.004792551006435719
2019-12-09,36705,36920,36705,36875,3950,0.005042245843554172
2019-12-10,36840,36850,36755,36845,15194,-0.0008135593220338633
2019-12-11,36810,36820,36720,36800,3011,-0.0012213326095806831
2019-12-12,36875,36960,36875,36955,61775,0.004211956521739113
2019-12-13,37040,37365,37040,37340,8374,0.01041807603842515
2019-12-16,37730,37730,37225,37350,10908,0.00026780931976433386
2019-12-17,37350,37540,37350,37540,7593,0.00508701472556905
2019-12-18,37470,37470,37395,37425,6049,-0.0030633990410229295
2019-12-19,37520,37520,37440,37505,8206,0.0021376085504341003
2019-12-20,37675,37675,37580,37620,6466,0.0030662578322890877
2019-12-23,37785,37835,37640,37825,66291,0.005449229133439593
2019-12-24,37995,37995,37780,37845,78101,0.0005287508261730967
2019-12-26,37875,37895,37815,37880,7259,0.0009248249438498224
2019-12-27,38000,38125,37980,38100,15446,0.0058078141499471325
2019-12-30,38100,38100,37610,38030,17471,-0.0018372703412073976
2020-01-02,38000,39000,37905,38000,8416,-0.0007888509071785066
2020-01-03,38175,38260,37850,37895,18961,-0.0027631578947368007
2020-01-06,37655,37840,37655,37785,13765,-0.002902757619738794
2020-01-07,37945,38140,37945,38075,10461,0.007675003308191153
2020-01-08,37545,37855,37300,37850,56100,-0.005909389363099149
2020-01-09,38040,38300,38040,38295,9606,0.01175693527080579
2020-01-10,38600,38665,38310,38515,7343,0.005744875310092601
2020-01-13,38930,39455,38255,38390,19353,-0.0032454887706088176
2020-01-14,38540,38650,38480,38565,6775,0.004558478770513075
2020-01-15,38445,38475,38360,38475,21780,-0.002333722287047868
2020-01-16,38585,38675,38070,38675,55152,0.005198180636777128
2020-01-17,38925,38930,38850,38910,29033,0.006076276664511937
2020-01-20,39020,39025,38920,38990,16910,0.002056026728347371
2020-01-21,38960,38965,38765,38835,10208,-0.003975378302128796
2020-01-22,38860,39115,38860,39090,13412,0.006566241792197669
2020-01-23,38870,38925,38770,38840,12618,-0.006395497569710917
2020-01-28,38050,38210,38000,38210,81836,-0.016220391349124563
2020-01-29,38355,38540,38325,38520,82209,0.008113059408531909
2020-01-30,38375,38385,38055,38145,25320,-0.009735202492211825
2020-01-31,38505,38645,38470,38555,10959,0.01074845982435435
2020-02-03,37900,38200,37805,38020,74854,-0.013876280638049576
2020-02-04,38000,38330,38000,38330,20324,0.008153603366649165
2020-02-05,38630,38665,38520,38615,17501,0.007435429167753638
2020-02-06,39010,39345,39000,39325,157610,0.01838663731710466
2020-02-07,39270,39275,39085,39230,12928,-0.0024157660521296753
2020-02-10,38830,39075,38775,39030,8939,-0.005098139179199546
2020-02-11,39220,39445,39215,39415,9538,0.009864207020240823
2020-02-12,39405,39465,39330,39450,7074,0.0008879868070530428
2020-02-13,39465,39520,39425,39430,74233,-0.0005069708491761693
2020-02-14,39490,39650,39480,39600,67185,0.004311437991377121
2020-02-17,39710,39715,39630,39710,14181,0.002777777777777768
2020-02-18,39575,39575,39430,39480,12898,-0.005791991941576424
2020-02-19,39530,39590,39475,39580,59392,0.002532928064842954
2020-02-20,39695,39815,39530,39680,27711,0.002526528549772644
2020-02-21,39365,39425,39240,39285,9854,-0.009954637096774244
2020-02-24,38695,38750,38510,38595,187085,-0.017563955708285617
2020-02-25,37985,38220,37905,38190,51166,-0.010493587252234704
2020-02-26,36945,37005,36625,36825,271930,-0.03574234092694417
2020-02-27,36305,36420,35860,35955,42285,-0.023625254582484767
2020-02-28,34800,34920,34025,34025,165904,-0.053678208872201316
2020-03-02,34170,34920,34110,34740,76112,0.021013960323291725
2020-03-03,36085,36245,35620,35735,41296,0.02864133563615434
2020-03-04,35040,35620,34980,35565,83436,-0.0047572408003357936
2020-03-05,36290,36395,36105,36255,63249,0.019401096583719912
2020-03-06,35420,35515,34755,35000,59612,-0.03461591504620054
2020-03-09,33030,33205,32760,32940,37279,-0.05885714285714283
2020-03-10,32670,33340,32370,33195,38409,0.007741347905282359
2020-03-11,33060,33160,32410,32640,54836,-0.01671938544961593
2020-03-12,31920,32000,30500,30720,119907,-0.05882352941176472
2020-03-13,28425,29960,28000,29430,67235,-0.0419921875
2020-03-16,29435,29990,28530,29660,41651,0.007815154604145391
2020-03-17,28600,29600,28150,29310,50362,-0.011800404585300073
2020-03-18,28280,28545,27880,27950,33688,-0.04640054588877518
2020-03-19,27970,28705,26680,27545,72140,-0.014490161001788904
2020-03-20,27570,28250,27380,28250,73578,0.025594481757124754
2020-03-23,25600,26030,25000,25815,35623,-0.08619469026548676
2020-03-24,26265,27195,26200,27190,59202,0.05326360643036998
2020-03-25,28305,28690,27945,28375,184972,0.0435821993379919
2020-03-26,28715,29180,28300,28495,56977,0.004229074889867901
2020-03-27,30590,30690,29700,30285,181985,0.0628180382523249
2020-03-30,28940,29895,28880,29575,51174,-0.023443949149744125
2020-03-31,30435,30625,30175,30550,37468,0.03296703296703307
2020-04-01,29620,29695,28850,28915,105391,-0.05351882160392796
2020-04-02,28750,29030,28605,28975,90333,0.002075047553173004
2020-04-03,29110,29240,28780,28930,118958,-0.0015530629853321987
2020-04-06,29245,30150,29245,30090,250574,0.04009678534393357
2020-04-07,31000,31235,30560,31190,161456,0.03655699567962789
2020-04-08,30890,31185,30470,30620,124084,-0.018275088169285025
2020-04-09,31930,31985,31700,31910,97873,0.042129327237099945
2020-04-10,32100,32600,31950,32540,42338,0.019743027264180535
2020-04-13,31985,32045,31760,31990,25064,-0.016902274124154903
2020-04-14,32190,32640,32050,32520,53124,0.016567677399187186
2020-04-16,32090,32445,31990,32445,71343,-0.0023062730627306793
2020-04-17,33335,33560,33300,33360,108974,0.02820157189089234
2020-04-20,33200,33460,33110,33270,122789,-0.0026978417266186883
2020-04-21,32825,32965,32300,32640,142101,-0.018935978358881833
2020-04-22,31870,32170,31650,32125,213881,-0.015778186274509776
2020-04-23,32350,32570,32265,32555,17731,0.013385214007782142
2020-04-24,32265,32305,32075,32200,11992,-0.010904622945784093
2020-04-27,32840,33350,32760,33170,57788,0.030124223602484568
2020-04-28,33390,33425,33130,33310,101763,0.004220681338559018
2020-04-29,33335,33780,33335,33615,74104,0.009156409486640538
2020-05-04,32310,32650,32255,32555,78018,-0.03153354157370225
2020-05-06,33280,33445,33055,33440,31797,0.027184764245123727
2020-05-07,33000,33230,32935,33230,20557,-0.006279904306220052
2020-05-08,33645,33965,33635,33890,114752,0.019861570869696088
2020-05-11,34180,34250,34060,34135,38856,0.007229271171437013
2020-05-12,33855,33945,33615,33745,42750,-0.011425223377764748
2020-05-13,32850,33295,32850,33285,101469,-0.013631649133204915
2020-05-14,32755,32810,32550,32560,28011,-0.02178158329577884
2020-05-15,33200,33230,32935,33115,30495,0.017045454545454586
2020-05-18,33310,33540,33275,33540,20406,0.012834063113392746
2020-05-19,34360,34360,34145,34355,56441,0.02429934406678602
2020-05-20,34000,34205,33940,34055,24554,-0.008732353369233059
2020-05-21,34470,34470,34215,34235,24878,0.005285567464395902
2020-05-22,34235,34305,33820,33905,24935,-0.009639258069227385
2020-05-25,34450,34515,34330,34475,16662,0.016811679693260473
2020-05-26,34620,35025,34615,35025,38103,0.01595358955765036
2020-05-27,34800,35100,34695,35025,39345,0.0
2020-05-28,35340,35505,35190,35475,81883,0.012847965738758127
2020-05-29,35215,35335,34975,35215,33111,-0.007329105003523573
2020-06-01,35210,35445,35200,35430,23901,0.006105352832599831
2020-06-02,35360,35485,35270,35450,23169,0.0005644933672028785
2020-06-03,35830,35975,35790,35960,69063,0.01438645980253872
2020-06-04,36275,36345,36100,36205,44329,0.0068131256952168595
2020-06-05,36170,36485,36110,36470,23943,0.007319431017815292
2020-06-08,37215,37230,37015,37145,60822,0.01850836303811354
2020-06-09,37400,37575,37380,37525,86209,0.010230179028132946
2020-06-10,37410,37510,37320,37405,39761,-0.0031978680879414245
2020-06-11,36820,36950,36425,36520,53856,-0.02365993851089432
2020-06-12,35170,35495,35020,35330,51232,-0.0325848849945235
2020-06-15,34845,34850,34100,34215,30796,-0.031559581092555855
2020-06-16,35955,36300,35920,36180,27170,0.05743095133713294
2020-06-17,36470,36470,36110,36460,22151,0.007739082365948002
2020-06-18,36075,36165,35760,36165,27261,-0.008091058694459696
2020-06-19,36245,36300,36050,36270,14851,0.002903359601824862
2020-06-22,35650,35945,35585,35780,19265,-0.013509787703336107
2020-06-23,36385,36450,35735,36320,29598,0.015092230296254838
2020-06-24,36315,36430,36235,36300,73478,-0.0005506607929515184
2020-06-25,35400,35640,35240,35375,18945,-0.025482093663911853
2020-06-26,35755,35900,35670,35720,18151,0.009752650176678479
2020-06-29,35010,35200,34870,35115,20299,-0.016937290033594676
2020-06-30,35585,35600,35400,35435,16367,0.009112914708813813
2020-07-01,35950,35970,35810,35870,16904,0.01227599830675885
2020-07-02,36180,36275,36075,36275,16902,0.01129077223306374
2020-07-03,36480,36580,36350,36580,23795,0.008407994486560932
2020-07-06,36570,36920,36500,36880,32134,0.008201202843083566
2020-07-07,36975,37100,36710,36800,63279,-0.002169197396963085
2020-07-08,36585,36695,36430,36465,22856,-0.009103260869565255
2020-07-09,36855,36960,36745,36745,15785,0.007678595913890085
2020-07-10,36740,36740,36250,36300,29970,-0.01211049122329566
2020-07-13,37100,37295,37040,37270,19135,0.02672176308539953
2020-07-14,36790,36860,36650,36820,36916,-0.012074054199087692
2020-07-15,37420,37460,37300,37435,42552,0.016702878870179294
2020-07-16,37500,37500,37260,37360,35416,-0.002003472685988994
2020-07-17,37360,37395,37290,37375,31400,0.0004014989293361637
2020-07-20,37505,37550,37265,37325,39777,-0.0013377926421405117
2020-07-21,37745,38065,37735,38050,31902,0.01942397856664435
2020-07-22,37965,38050,37820,37900,40622,-0.003942181340341633
2020-07-23,38025,38170,37980,38150,44300,0.006596306068601621
2020-07-24,37640,37765,37400,37525,33313,-0.016382699868938366
2020-07-27,37305,37595,37300,37475,13995,-0.0013324450366422047
2020-07-28,37660,37860,37620,37710,28879,0.006270847231487631
2020-07-29,37515,37530,37305,37470,20285,-0.006364359586316648
2020-07-30,37845,37895,37770,37815,11235,0.009207365892714092
2020-07-31,38015,38100,37785,37940,14405,0.003305566574110852
2020-08-03,38060,38100,37975,38000,21576,0.001581444385872377
2020-08-04,38335,38375,38240,38350,32986,0.009210526315789558
2020-08-05,38380,38525,38325,38525,73331,0.0045632333767926525
2020-08-06,38625,38770,38595,38695,48963,0.004412719013627608
2020-08-07,38870,38975,38700,38850,26309,0.004005685489081312
2020-08-10,38885,39050,38875,39050,25588,0.005148005148005064
2020-08-11,39055,39220,38970,39165,35024,0.0029449423815621767
2020-08-12,38795,38965,38700,38945,559762,-0.005617260308949268
2020-08-13,39265,39285,39155,39195,16534,0.006419309282321262
2020-08-14,39260,39370,39225,39345,15959,0.0038270187523918864
2020-08-18,39385,39450,39310,39360,19628,0.00038124285169649497
2020-08-19,39430,39515,39400,39485,21234,0.0031758130081300795
2020-08-20,39115,39180,38915,39065,556940,-0.010636950740787632
2020-08-21,39420,39525,39375,39430,28338,0.009343402022270464
2020-08-24,39520,39665,39500,39630,17682,0.005072279989855488
2020-08-25,39950,40135,39905,40115,102440,0.012238203381276902
2020-08-26,40115,40155,40020,40085,25211,-0.0007478499314470533
2020-08-27,40445,40530,40385,40445,31366,0.008980915554446911
2020-08-28,40605,40855,39800,40830,64796,0.009519100012362447
2020-08-31,40920,41035,40895,40930,37863,0.002449179524859124
2020-09-01,40750,40825,40680,40805,35045,-0.0030539946249694694
2020-09-02,41160,41255,41105,41220,61239,0.010170322264428489
2020-09-03,41670,41710,41525,41615,81319,0.00958272683163508
2020-09-04,39950,40270,39950,40130,48867,-0.03568424846810048
2020-09-07,39610,39815,39520,39520,30738,-0.015200598056317016
2020-09-08,40025,40145,39845,40100,41956,0.014676113360323928
2020-09-09,38645,39040,38645,38775,196410,-0.03304239401496256
2020-09-10,39690,39695,39365,39660,134538,0.02282398452611223
2020-09-11,38975,39200,38920,39180,35281,-0.012102874432677768
2020-09-14,39155,39340,39070,39315,28119,0.0034456355283307705
2020-09-15,39385,39575,39300,39545,22462,0.0058501844079867915
2020-09-16,39555,39710,39510,39665,41863,0.0030345176381336714
2020-09-17,39465,39465,38675,38675,47706,-0.02495903189209636
2020-09-18,39090,39155,38855,39155,12171,0.01241111829347119
2020-09-21,38690,38790,38400,38490,87615,-0.016983782403269032
2020-09-22,38305,38380,38015,38070,61766,-0.010911925175370207
2020-09-23,38520,38595,38400,38535,72343,0.012214342001576117
2020-09-24,37570,37810,37470,37545,162673,-0.025690930323082894
2020-09-25,37960,38010,37840,37865,104924,0.008523105606605297
2020-09-28,38430,38675,38410,38675,18525,0.021391786610326147
2020-09-29,39155,39230,39105,39140,18172,0.012023270846800216
2020-10-05,39200,39295,39125,39190,31215,0.0012774655084313302
2020-10-06,39525,39655,39500,39610,21497,0.010717019647869419
2020-10-07,39050,39300,39005,39280,29033,-0.0083312294875032
2020-10-08,39775,39975,39760,39965,98071,0.017438900203665897
2020-10-12,40395,40650,40395,40610,62284,0.016139121731514994
2020-10-13,41120,41160,40965,41140,50387,0.013050972666830862
2020-10-14,40905,41035,40830,40920,23732,-0.005347593582887722
2020-10-15,40635,40635,40360,40425,40512,-0.012096774193548376
2020-10-16,40575,40670,40455,40520,14736,0.0023500309214594672
2020-10-19,40505,40655,40505,40635,22169,0.002838104639684147
2020-10-20,40115,40165,39955,40080,30810,-0.013658176448874126
2020-10-21,40175,40310,40140,40285,23004,0.00511477045908193
2020-10-22,39800,39855,39675,39815,33017,-0.011666873526126387
2020-10-23,40185,40260,40075,40080,21939,0.006655782996358051
2020-10-26,40090,40130,39925,39940,76291,-0.003493013972055925
2020-10-27,39500,39720,39500,39705,34543,-0.005883825738607906
2020-10-28,39240,39275,39145,39255,186736,-0.01133358519078198
2020-10-29,38215,38570,38210,38570,53320,-0.01745000636861549
2020-10-30,38185,38195,37590,37705,26147,-0.022426756546538806
2020-11-02,37855,38185,37790,38085,37910,0.010078238960349983
2020-11-03,38515,38730,38495,38655,37885,0.014966522252855441
2020-11-04,39400,39945,38880,39430,129389,0.020049152761609124
2020-11-05,39975,40465,39955,40285,40141,0.021683996956632035
2020-11-06,40495,40745,40470,40510,50580,0.005585205411443361
2020-11-09,41075,41490,41075,41385,98657,0.021599605035793612
2020-11-10,41320,41370,40895,41000,35447,-0.009302887519632708
2020-11-11,41160,41380,41100,41350,51068,0.008536585365853666
2020-11-12,41505,41555,41180,41250,56594,-0.00241837968561065
2020-11-13,41125,41200,40950,41180,28499,-0.0016969696969697523
2020-11-16,41950,42105,41900,42090,157102,0.022098105876639185
2020-11-17,42195,42200,41905,41985,61486,-0.0024946543121882048
2020-11-18,41985,42020,41755,41755,67875,-0.005478146957246688
2020-11-19,41425,41545,41370,41515,80892,-0.005747814632978132
2020-11-20,41330,41500,41310,41435,67102,-0.0019270143321691302
2020-11-23,41365,41500,41360,41490,43462,0.001327380234101616
2020-11-24,41810,41965,41760,41920,54908,0.010363943118823826
2020-11-25,42345,42530,42265,42320,97421,0.009541984732824416
2020-11-26,42285,42345,42215,42335,38985,0.0003544423440453581
2020-11-27,42105,42255,42055,42250,72686,-0.00200779496870207
2020-11-30,42385,42385,41970,42005,99687,-0.005798816568047371
2020-12-01,42360,42575,42330,42535,50671,0.012617545530293928
2020-12-02,42570,42575,42400,42520,65622,-0.0003526507581991245
2020-12-03,42595,42725,42575,42670,80764,0.0035277516462841607
2020-12-04,42670,42755,42665,42730,48069,0.0014061401453011602
2020-12-07,42805,43035,42805,42895,77852,0.0038614556517668763
2020-12-08,42835,42855,42740,42830,42697,-0.0015153281268213137
2020-12-09,43080,43190,43080,43185,71548,0.00828858276908706
2020-12-10,42755,42780,42660,42715,45826,-0.010883408590945942
2020-12-11,42730,42730,42550,42625,56557,-0.002106988177455249
2020-12-14,42765,42840,42765,42785,26302,0.003753665689149477
2020-12-15,42535,42570,42395,42505,50870,-0.006544349655252968
2020-12-16,42980,43010,42900,42960,46804,0.01070462298553121
2020-12-17,43090,43200,43025,43200,38697,0.005586592178770999
2020-12-18,43285,43300,43125,43220,52655,0.0004629629629628873
2020-12-21,43200,43250,43095,43220,92043,0.0
2020-12-22,42980,43000,42705,42790,80567,-0.00994909763998153
2020-12-23,42925,42975,42595,42850,49637,0.0014021967749473507
2020-12-24,42950,43060,42915,43035,19362,0.004317386231038611
2020-12-28,43160,43370,43125,43350,46632,0.007319623562216826
2020-12-29,43520,43670,43520,43655,75616,0.007035755478661976
2020-12-30,43390,43550,43295,43510,30979,-0.0033214981101821195
2021-01-04,43575,43715,43565,43695,63224,0.004251896115835541
2021-01-05,43040,43170,42950,43080,51287,-0.01407483693786471
2021-01-06,43245,43490,42975,43155,72534,0.0017409470752089984
2021-01-07,43660,43890,43595,43855,60453,0.016220600162206056
2021-01-08,44195,44465,44195,44455,118121,0.013681450233724801
2021-01-11,44410,44455,44165,44240,69280,-0.004836351366550473
2021-01-12,44225,44335,44135,44250,73571,0.00022603978300184124
2021-01-13,44265,44330,44200,44295,79700,0.0010169491525424679
2021-01-14,44340,44490,44340,44430,53749,0.0030477480528277034
2021-01-15,44235,44235,43890,43960,60936,-0.010578437992347478
2021-01-18,43680,43815,43640,43805,38073,-0.00352593266606005
2021-01-19,43950,44265,43950,44150,38701,0.007875813263326092
2021-01-20,44345,44345,44150,44255,40494,0.0023782559456397845
2021-01-21,44825,44985,44810,44930,98512,0.015252513840243953
2021-01-22,44815,44860,44650,44690,25834,-0.005341642555085735
2021-01-25,44745,44885,44720,44875,37349,0.0041396285522488085
2021-01-26,44810,44835,44515,44595,45109,-0.0062395543175487456
2021-01-27,44810,44845,44665,44735,32084,0.0031393653997084936
2021-01-28,43215,43710,43215,43460,26746,-0.028501173577735517
2021-01-29,43935,44030,43425,43545,28686,0.0019558214450068334
2021-02-01,42880,43415,42860,43350,41797,-0.004478126076472577
2021-02-02,43915,44200,43835,44130,80911,0.01799307958477514
2021-02-03,44655,44745,44590,44725,56359,0.01348289145705861
2021-02-04,44690,44690,44430,44540,15469,-0.004136389044158695
2021-02-05,45030,45205,44975,45205,90046,0.014930399640772363
2021-02-08,45345,45480,45300,45455,130606,0.00553036168565435
2021-02-09,45540,45600,45495,45575,209436,0.002639973600264023
2021-02-10,45585,45710,45535,45685,33016,0.002413603949533716
2021-02-15,45835,46025,45835,46005,46769,0.007004487249644198
2021-02-16,46005,46130,45970,46090,69339,0.001847625258124097
2021-02-17,45705,45820,45600,45805,146349,-0.006183553916250806
2021-02-18,45815,45875,45610,45700,122195,-0.0022923261652657567
2021-02-19,45520,45595,45340,45525,57611,-0.003829321663019747
2021-02-22,45500,45610,45315,45315,42922,-0.004612850082372333
2021-02-23,45175,45405,45065,45335,70230,0.00044135495972641436
2021-02-24,45155,45320,44890,44955,23405,-0.008382044777765496
2021-02-25,45810,45850,45695,45805,61035,0.018907796685574407
2021-02-26,44540,44775,44345,44575,39081,-0.026852963650256467
2021-03-02,45460,45535,45185,45360,39157,0.017610768367919194
2021-03-03,45200,45290,45110,45265,15689,-0.002094356261022945
2021-03-04,44205,44430,44040,44330,25966,-0.020656136087484844
2021-03-05,43825,43950,43500,43870,82670,-0.010376720054139366
2021-03-08,44930,44930,44555,44660,13955,0.01800775017095968
2021-03-09,44720,44930,44590,44810,19492,0.0033587102552619097
2021-03-10,45175,45205,45000,45005,28531,0.00435170720821243
2021-03-11,45440,45680,45375,45615,34434,0.013554049550049907
2021-03-12,45910,45995,45845,45890,33218,0.006028718623259932
2021-03-15,46010,46110,45890,45890,27103,0.0
2021-03-16,46135,46295,46135,46245,89146,0.007735890172150706
2021-03-17,46195,46215,46095,46195,21714,-0.0010811979673478467
2021-03-18,46360,46465,46255,46345,42891,0.0032471046650071056
2021-03-19,45620,45765,45540,45595,22121,-0.016182975509763775
2021-03-22,45530,45610,45400,45565,16071,-0.0006579668823335494
2021-03-23,45995,46000,45760,45810,39681,0.005376934050257853
2021-03-24,45510,45595,45470,45535,35092,-0.006003056101287929
2021-03-25,45415,45490,45290,45415,21521,-0.0026353354562425046
2021-03-26,45590,45790,45570,45780,72610,0.00803699218319931
2021-03-29,46110,46155,45855,46025,25190,0.005351681957186605
2021-03-30,46260,46305,46150,46225,47299,0.004345464421509959
2021-03-31,46140,46215,46020,46065,14253,-0.0034613304488912977
2021-04-01,46330,46390,46260,46375,21419,0.006729621187452572
2021-04-02,46845,46930,46845,46930,67197,0.011967654986522858
2021-04-05,47020,47060,46910,46970,32416,0.0008523332623056046
2021-04-06,47385,47520,47325,47395,82953,0.009048328720459908
2021-04-07,47510,47510,47380,47445,44831,0.0010549636037555654
2021-04-08,47570,47740,47550,47720,93285,0.00579618505638102
2021-04-09,47735,47870,47675,47750,97254,0.0006286672254820491
2021-04-12,47940,48010,47885,47955,58186,0.004293193717277433
2021-04-13,48075,48115,47995,48065,51679,0.0022938171202169233
2021-04-14,48175,48285,48170,48250,649356,0.0038489545407260906
2021-04-15,48115,48180,48060,48165,211971,-0.0017616580310880758
2021-04-16,48510,48575,48450,48480,77615,0.00654001868576759
2021-04-19,48550,48685,48540,48640,198217,0.0033003300330032292
2021-04-20,48580,48620,48515,48580,95044,-0.0012335526315789824
2021-04-21,48110,48140,47975,48140,72502,-0.009057225195553742
2021-04-22,48445,48595,48440,48590,103385,0.00934773577066883
2021-04-23,48205,48280,48135,48175,66993,-0.008540852027166035
2021-04-26,48635,48730,48565,48700,56377,0.01089776855215363
2021-04-27,48795,48900,48725,48835,32492,0.0027720739219712076
2021-04-28,48765,48830,48730,48800,21525,-0.0007166990887682578
2021-04-29,48825,49025,48825,48985,50133,0.0037909836065572744
2021-04-30,48965,48975,48820,48900,28412,-0.0017352250688986715
2021-05-03,48860,48930,48775,48835,23194,-0.0013292433537832604
2021-05-04,48725,48805,48650,48760,65098,-0.0015357837616463144
2021-05-06,48505,48615,48455,48560,42255,-0.004101722723543921
2021-05-07,48945,49040,48875,48970,220078,0.00844316309719928
2021-05-10,49320,49445,49320,49365,87675,0.008066162956912315
2021-05-11,48800,48810,48400,48575,98043,-0.01600324116276719
2021-05-12,48380,48415,47950,48210,55521,-0.007514153371075638
2021-05-13,47385,47570,47325,47445,48047,-0.01586807716241445
2021-05-14,48000,48190,47940,48110,43480,0.014016229318157825
2021-05-17,48600,48640,48455,48565,94227,0.009457493244647619
2021-05-18,48565,48720,48555,48720,26502,0.0031915988880881763
2021-05-20,47840,48005,47825,47935,33321,-0.016112479474548413
2021-05-21,48550,48610,48485,48580,37682,0.013455721289245881
2021-05-24,48435,48620,48435,48590,23717,0.00020584602717166334
2021-05-25,49010,49150,48930,49120,49475,0.010907594155175948
2021-05-26,48920,48990,48890,48925,28618,-0.003969869706840434
2021-05-27,48890,48895,48770,48825,18690,-0.0020439448134900173
2021-05-28,49155,49180,49060,49075,21738,0.005120327700972815
2021-05-31,49070,49080,49005,49050,50335,-0.0005094243504839557
2021-06-01,48990,49045,48930,48990,59489,-0.0012232415902140303
2021-06-02,48925,48995,48875,48920,47554,-0.0014288630332720542
2021-06-03,49045,49120,49040,49050,18084,0.002657399836467622
2021-06-04,48815,48905,48715,48820,16893,-0.004689092762487301
2021-06-07,49285,49305,49200,49215,54010,0.008090946333469962
2021-06-08,49240,49370,49240,49280,52554,0.0013207355481053007
2021-06-09,49280,49310,49220,49255,17718,-0.0005073051948052409
2021-06-10,49235,49250,49185,49195,11589,-0.0012181504415795796
2021-06-11,49380,49450,49375,49405,19773,0.004268726496595265
2021-06-14,49500,49545,49475,49520,30048,0.002327699625543911
2021-06-15,49550,49725,49550,49725,44164,0.0041397415185784325
2021-06-16,49505,49520,49460,49500,10478,-0.004524886877828038
2021-06-17,49055,49085,48865,49025,31806,-0.009595959595959602
2021-06-18,49225,49305,49195,49280,24872,0.005201427842937312
2021-06-21,48440,48500,48185,48480,34668,-0.016233766233766267
2021-06-22,49275,49320,49200,49300,121917,0.016914191419141966
2021-06-23,49475,49620,49475,49610,26122,0.006288032454361048
2021-06-24,49510,49575,49490,49560,26970,-0.0010078613182825658
2021-06-25,49740,49810,49720,49750,57879,0.0038337368845844377
2021-06-28,49930,49945,49875,49930,58384,0.0036180904522613577
2021-06-29,49930,49975,49880,49970,48134,0.0008011215701981822
2021-06-30,50050,50095,50010,50045,41956,0.001500900540324146
2021-07-01,50125,50190,50125,50175,44288,0.0025976621041063908
2021-07-02,50295,50390,50295,50345,55950,0.003388141504733433
2021-07-05,50640,50675,50605,50610,56031,0.0052636806038335315
2021-07-06,50725,50775,50650,50700,63822,0.001778304682868992
2021-07-07,50545,50620,50495,50610,36398,-0.0017751479289941363
2021-07-08,50785,50845,50625,50665,26436,0.0010867417506421617
2021-07-09,50305,50415,50155,50390,216074,-0.00542781012533311
2021-07-12,50930,50965,50800,50890,56979,0.009922603691208565
2021-07-13,51110,51125,51060,51075,31085,0.003635291805855756
2021-07-14,50895,50990,50820,50890,33353,-0.0036221243269701775
2021-07-15,50990,51040,50890,50995,30344,0.0020632737276478075
2021-07-16,50740,50860,50685,50855,32493,-0.0027453671928620027
2021-07-19,50330,50340,50170,50300,33116,-0.010913381181791415
2021-07-20,49810,49955,49705,49875,93625,-0.008449304174950267
2021-07-21,50490,50560,50335,50435,49726,0.011228070175438587
2021-07-22,50890,50905,50830,50885,163962,0.008922375334589061
2021-07-23,51085,51120,51020,51120,49905,0.004618256853689662
2021-07-26,51425,51465,51245,51320,69147,0.00391236306729259
2021-07-27,51530,51560,51455,51500,53397,0.0035074045206546778
2021-07-28,51355,51450,51190,51360,87653,-0.0027184466019417597
2021-07-29,51350,51390,51200,51390,57634,0.0005841121495326895
2021-07-30,51270,51270,51055,51130,38920,-0.0050593500681066494
2021-08-02,51470,51590,51450,51565,26964,0.008507725405828337
2021-08-03,51275,51355,51205,51335,27839,-0.004460389799282427
2021-08-04,51530,51600,51465,51600,15076,0.005162170059413551
2021-08-05,51400,51480,51390,51400,41748,-0.003875968992248069
2021-08-06,51605,51675,51585,51675,118127,0.005350194552529164
2021-08-09,51605,51675,51535,51615,38183,-0.0011611030478955175
2021-08-10,51700,51735,51600,51675,85562,0.0011624527753559821
2021-08-11,51740,51765,51675,51740,217235,0.0012578616352201255
2021-08-12,51855,51910,51845,51890,56549,0.002899110939311944
2021-08-13,52020,52090,52015,52085,89943,0.0037579495085757753
2021-08-17,52240,52295,52110,52175,73669,0.0017279447057694242
2021-08-18,51830,52045,51815,52000,38678,-0.0033540967896502627
2021-08-19,51320,51450,51100,51100,83028,-0.017307692307692357
2021-08-20,51400,51515,51300,51385,72896,0.005577299412915959
2021-08-23,51895,52110,51895,52075,190315,0.013428043203269402
2021-08-24,52405,52460,52385,52445,70492,0.007105136821891511
2021-08-25,52415,52430,52335,52405,51158,-0.0007627037849174956
2021-08-26,52485,52525,52385,52455,52953,0.000954107432496798
2021-08-27,52225,52390,52150,52390,42324,-0.0012391573729864103
2021-08-30,52705,52745,52610,52725,62607,0.006394350066806664
2021-08-31,52895,53110,52885,53100,80520,0.007112375533428139
2021-09-01,52950,53035,52890,53025,38301,-0.0014124293785310327
2021-09-02,52885,52910,52770,52845,59363,-0.0033946251768034452
2021-09-03,53025,53135,52985,53095,40836,0.00473081653893459
2021-09-06,52945,53085,52855,53085,47723,-0.00018834165175629636
2021-09-07,53055,53080,53010,53075,20425,-0.00018837713101627074
2021-09-08,52775,52885,52775,52855,39343,-0.004145077720207224
2021-09-09,52715,52715,52485,52580,50513,-0.005202913631633721
2021-09-10,52515,52685,52445,52650,39506,0.0013313046785849991
2021-09-13,51400,52320,51400,52295,619541,-0.006742640075973361
2021-09-14,52320,52365,52235,52315,39375,0.0003824457405106063
2021-09-15,52040,52065,51915,51995,40211,-0.006116792506929203
2021-09-16,52435,52445,52285,52375,32524,0.0073083950379844165
2021-09-17,52235,52380,52170,52380,39275,9.546539379479135e-05
2021-09-23,51490,51550,51445,51505,334508,-0.016704849179075998
2021-09-24,52020,52125,51925,51935,94920,0.00834870400931953
2021-09-27,52140,52370,52130,52330,258419,0.007605660922306745
2021-09-28,51895,52025,51790,51840,34067,-0.009363653735906752
2021-09-29,51000,51200,50925,51140,37156,-0.013503086419753063
2021-09-30,51085,51370,51075,51340,59971,0.00391083300743067
2021-10-01,50450,50475,49975,49975,351295,-0.02658745617452274
2021-10-05,50260,50340,50000,50255,440392,0.005602801400700352
2021-10-06,50700,50805,50435,50465,12439,0.0041786886876926665
2021-10-07,51095,51350,51080,51350,22687,0.017536906767066318
2021-10-08,51500,51580,51375,51460,18847,0.0021421616358325846
2021-10-12,50940,50940,50630,50725,38111,-0.014282938204430606
2021-10-13,50670,50835,50670,50785,16329,0.0011828486939378102
2021-10-14,51060,51285,51060,51285,21135,0.009845426799251822
2021-10-15,51950,52100,51830,52045,27187,0.014819147898995855
2021-10-18,52105,52265,52055,52105,31818,0.0011528484964933305
2021-10-19,52415,52530,52375,52530,188828,0.00815660685154973
2021-10-20,52855,52855,52735,52750,212415,0.004188083000190357
2021-10-21,52885,53000,52820,52885,47390,0.002559241706161064
2021-10-22,53040,53150,53025,53110,28842,0.004254514512621821
2021-10-25,52985,53170,52970,53165,35782,0.0010355865185465163
2021-10-26,53435,53535,53410,53495,180076,0.006207091131383402
2021-10-27,53485,53500,53390,53500,15384,9.346667912879525e-05
2021-10-28,53295,53295,53190,53270,19478,-0.004299065420560799
2021-10-29,53535,53560,53365,53445,35311,0.003285151116951379
2021-11-01,53915,53995,53850,53865,76803,0.007858546168958647
2021-11-02,53835,53870,53750,53840,48792,-0.0004641232711408705
2021-11-03,54030,54120,54005,54070,43027,0.004271916790490327
2021-11-04,54505,54535,54440,54455,170835,0.007120399482152706
2021-11-05,54705,54755,54640,54710,55821,0.004682765586263793
2021-11-08,54815,54840,54745,54795,116661,0.0015536464997258914
2021-11-09,54855,54910,54770,54890,38645,0.0017337348298203104
2021-11-10,54720,54730,54530,54620,457254,-0.004918928766624142
2021-11-11,54325,54490,54310,54405,43873,-0.003936287074331801
2021-11-12,54420,54545,54410,54465,19709,0.0011028398125172423
2021-11-15,54875,54885,54740,54810,18303,0.006334343156155331
2021-11-16,54760,54880,54725,54750,34990,-0.0010946907498631253
2021-11-17,54990,55025,54915,54990,21717,0.004383561643835687
2021-11-18,54925,54975,54850,54975,36643,-0.0002727768685215626
2021-11-19,55055,55285,55055,55285,39113,0.005638926784902187
2021-11-22,55020,55155,55005,55155,18116,-0.002351451569141738
2021-11-23,54885,54905,54665,54680,151248,-0.008612093191913694
2021-11-24,54825,54930,54755,54930,24401,0.004572055596196112
2021-11-25,55035,55230,55035,55220,12075,0.005279446568359658
2021-11-26,54915,54915,54390,54390,73348,-0.015030785947120595
2021-11-29,54145,54370,54135,54295,70086,-0.0017466446037874839
2021-11-30,54615,54660,53665,54005,73991,-0.005341191638272402
2021-12-01,53665,54025,53515,54025,61962,0.00037033607999248375
2021-12-02,53005,53195,52905,53120,47468,-0.01675150393336422
2021-12-03,53405,53675,53240,53675,22514,0.010448042168674787
2021-12-06,53380,53475,53195,53425,20953,-0.004657661853749384
2021-12-07,53780,54090,53735,54075,258509,0.01216658867571363
2021-12-08,54895,55105,54845,55070,501164,0.018400369856680587
2021-12-09,55010,55100,54910,54970,26897,-0.0018158707100054405
2021-12-10,54735,54745,54610,54685,30425,-0.005184646170638518
2021-12-13,55245,55405,55245,55360,30113,0.01234342141355027
2021-12-14,54755,54785,54685,54765,22791,-0.010747832369942145
2021-12-15,54315,55205,54245,54370,54369,-0.007212635807541279
2021-12-16,55190,55365,55120,55360,62317,0.018208570903071486
2021-12-17,54630,54780,54480,54605,23470,-0.013638005780346796
2021-12-20,53815,53855,53405,53405,53617,-0.021976009522937434
2021-12-21,53700,53940,53555,53900,43196,0.009268795056642576
2021-12-22,54415,54460,54330,54420,24160,0.009647495361781111
2021-12-23,55005,55060,54970,55035,32678,0.011300992282249123
2021-12-24,55035,55400,55035,55360,19227,0.005905332969928123
2021-12-27,55420,55430,55310,55345,30330,-0.0002709537572254117
2021-12-28,56020,56095,56005,56070,425961,0.013099647664648995
2021-12-29,56110,56170,56000,56130,46765,0.0010700909577314732
2021-12-30,56075,56130,56010,56090,38513,-0.0007126313914127547
2022-01-03,56090,56135,56000,56030,41864,-0.0010697093956142378
2022-01-04,56070,56280,56065,56255,76161,0.0040157058718544025
2022-01-05,56020,56085,55890,55960,43741,-0.0052439783130388
2022-01-06,55085,55170,54745,54825,50123,-0.02028234453180844
2022-01-07,55100,55205,55060,55120,61612,0.0053807569539443545
2022-01-10,54665,54850,54585,54800,59155,-0.005805515239477477
2022-01-11,54760,54780,54605,54645,44721,-0.002828467153284664
2022-01-12,55190,55355,55120,55305,65978,0.012077957727147925
2022-01-13,55305,55360,55165,55265,27872,-0.0007232619112196303
2022-01-14,54620,54680,54400,54680,44973,-0.010585361440332952
2022-01-17,54635,54650,54420,54540,31979,-0.002560351133869765
2022-01-18,54640,54680,54250,54385,47075,-0.0028419508617528733
2022-01-19,53595,53690,53225,53335,39700,-0.019306794152799456
2022-01-20,53025,53335,52990,53315,29995,-0.00037498828161619535
2022-01-21,52370,52375,51970,52250,57521,-0.019975616618212455
2022-01-24,51750,51930,51690,51885,74374,-0.006985645933014317
2022-01-25,51640,51640,50870,51095,118402,-0.01522598053387303
2022-01-26,51095,51190,50865,51155,37145,0.0011742831979646429
2022-01-27,51155,51240,50015,50205,53716,-0.018571009676473516
2022-01-28,50810,51080,50680,50975,83322,0.015337117816950574
2022-02-03,53125,53225,53100,53180,48525,0.04325649828347222
2022-02-04,52990,53105,52835,53085,22969,-0.0017863858593456516
2022-02-07,52775,52775,52430,52690,41382,-0.007440896675143582
2022-02-08,52650,52650,52450,52550,17466,-0.002657050673752104
2022-02-09,53050,53200,52990,53175,77099,0.0118934348239772
2022-02-10,53700,53700,53515,53670,62746,0.009308885754583995
2022-02-11,52615,52620,52255,52335,134584,-0.024874231414197867
2022-02-14,51840,51885,51655,51820,42501,-0.009840450941052792
2022-02-15,51665,51705,51400,51535,13411,-0.005499807024314962
2022-02-16,52240,52300,52180,52300,8181,0.014844280586009617
2022-02-17,52340,52400,52025,52240,17726,-0.0011472275334607485
2022-02-18,51385,51750,51250,51635,42747,-0.011581163859111787
2022-02-21,50720,51305,50615,51305,28135,-0.006391013847196647
2022-02-22,50160,50255,49975,50170,166841,-0.022122600136438964
2022-02-23,50725,50735,50560,50690,10551,0.010364759816623437
2022-02-24,49490,49520,48295,48500,1058748,-0.0432037877293352
2022-02-25,50005,50175,49855,49960,36448,0.030103092783505092
2022-02-28,50265,50510,49960,50325,23280,0.00730584467574058
2022-03-02,50605,50735,50475,50630,40390,0.0060606060606061
2022-03-03,51320,51555,51260,51490,435532,0.016985976693659977
2022-03-04,51340,51340,50290,51005,90825,-0.00941930471936303
2022-03-07,50140,50375,49930,50130,457180,-0.01715518086462109
2022-03-08,49190,49455,48690,48690,49766,-0.02872531418312385
2022-03-10,50165,50230,50035,50080,24317,0.028547956459231916
2022-03-11,50075,50075,49665,50045,23623,-0.0006988817891373511
2022-03-14,49695,49770,49410,49770,22352,-0.005495054450994075
2022-03-15,49110,49190,48950,49030,16854,-0.01486839461523004
2022-03-16,49985,50295,49870,50255,10628,0.024984703242912465
2022-03-17,51265,51300,50995,51190,151334,0.018605113919013094
2022-03-18,51490,51635,51375,51625,73373,0.008497753467474167
2022-03-21,52315,52355,52065,52160,53831,0.01036319612590808
2022-03-22,52215,52305,52140,52255,117885,0.0018213190184048766
2022-03-23,53045,53075,52945,53050,135204,0.015213855133479948
2022-03-24,52355,52575,52270,52500,62955,-0.010367577756833168
2022-03-25,53005,53200,52940,53155,52551,0.01247619047619053
2022-03-28,53235,53235,53060,53120,87855,-0.0006584516978647148
2022-03-29,53685,53875,53665,53780,66497,0.012424698795180822
2022-03-30,54295,54400,54245,54370,50361,0.010970621048717044
2022-03-31,54060,54225,54020,54120,66859,-0.004598123965422141
2022-04-01,53420,53470,53340,53430,33055,-0.012749445676274895
2022-04-04,53280,53495,53235,53475,35392,0.0008422234699607678
2022-04-05,53750,53830,53730,53785,37049,0.005797101449275255
2022-04-06,53180,53215,53025,53180,21587,-0.011248489355768387
2022-04-07,52450,52585,52375,52585,207163,-0.011188416698006742
2022-04-08,52870,52985,52795,52985,15575,0.007606731957782609
2022-04-11,52560,52670,52315,52485,42533,-0.009436633009342277
2022-04-12,51790,51855,51535,51640,64885,-0.01609983804896642
2022-04-13,51765,52065,51765,52005,202989,0.007068164213787753
2022-04-14,52155,52380,52145,52335,29915,0.006345543697721334
2022-04-15,52800,52800,51560,51585,15792,-0.014330753797649809
2022-04-18,51285,51365,51200,51365,72578,-0.0042648056605602
2022-04-19,51825,51840,51650,51805,81806,0.008566144261656694
2022-04-20,52225,52275,52135,52150,103333,0.006659588842775843
2022-04-21,52540,52700,52540,52600,34572,0.008628954937679678
2022-04-22,51485,51595,51290,51545,16323,-0.020057034220532288
2022-04-25,50095,50105,49700,49805,141944,-0.03375691143660875
2022-04-26,50460,50595,50405,50455,15467,0.013050898504166186
2022-04-27,49100,49350,48965,49340,51661,-0.022098900009909772
2022-04-28,49515,49670,49380,49670,26543,0.006688285366842406
2022-04-29,49930,50275,49905,50215,33435,0.010972417958526215
2022-05-02,48600,48850,48450,48820,399466,-0.027780543662252355
2022-05-03,48755,49095,48755,48930,94373,0.0022531749283081215
2022-05-04,49080,49195,49020,49120,9937,0.0038830983036992617
2022-05-06,48810,48810,48520,48670,13765,-0.009161237785016318
2022-05-09,48010,48040,47750,48035,15183,-0.013047051571810186
2022-05-10,47055,47325,46615,47320,89350,-0.014884979702300405
2022-05-11,46910,47255,46910,47255,64340,-0.0013736263736263687
2022-05-12,46360,46490,45995,46125,37426,-0.02391281345889329
2022-05-13,46370,46730,46315,46560,240059,0.009430894308943172
2022-05-16,47425,47430,46845,46930,61586,0.007946735395188975
2022-05-17,47160,47365,47085,47340,38381,0.008736415938632058
2022-05-18,48010,48090,47850,47930,18090,0.012463033375580856
2022-05-19,45805,46235,45805,46060,62299,-0.039015230544544144
2022-05-20,45985,46250,45980,46120,83142,0.0013026487190621605
2022-05-23,46255,46455,46105,46450,295147,0.0071552471812663665
2022-05-24,46445,46445,46110,46160,13054,-0.006243272335844985
2022-05-25,46505,46685,46370,46505,55623,0.007474003466204415
2022-05-26,46705,46980,46570,46620,14209,0.00247285238146433
2022-05-27,47730,47735,47560,47640,49455,0.02187902187902191
2022-05-30,49015,49315,48945,49315,77031,0.03515952980688497
2022-05-31,49100,49105,48765,48870,84087,-0.00902362364392173
2022-06-02,48050,48255,47960,48185,23492,-0.014016779210149322
2022-06-03,49140,49160,49045,49130,56362,0.019611912420877786
2022-06-07,48450,48450,48020,48190,33358,-0.01913291268064321
2022-06-08,48705,48850,48620,48775,63109,0.012139448018261056
2022-06-09,48425,48425,48205,48270,94498,-0.010353664787288608
2022-06-10,47290,47360,47180,47330,29936,-0.019473793246322813
2022-06-13,45410,45410,44900,44940,180265,-0.05049651383900278
2022-06-14,44185,44690,44145,44645,55982,-0.00656430796617713
2022-06-15,44090,44125,43830,44075,14815,-0.012767387165416033
2022-06-16,44795,44940,44230,44230,30329,0.003516732841746917
2022-06-17,43130,44170,43025,43345,192865,-0.020009043635541457
2022-06-20,43440,43440,42930,43280,129062,-0.0014995962625447001
2022-06-21,43545,43840,43530,43690,223756,0.009473197781885379
2022-06-22,44145,44145,43560,43610,5235,-0.001831082627603564
2022-06-23,43910,44235,43870,44040,25563,0.00986012382481083
2022-06-24,44400,44940,44335,44870,7570,0.01884650317892822
2022-06-27,45705,46100,45675,45920,42587,0.023400936037441422
2022-06-28,45840,46000,45540,45985,13006,0.0014155052264808177
2022-06-29,44885,44960,44805,44885,30109,-0.02392084375339787
2022-06-30,44760,44775,44330,44335,24573,-0.012253536816308364
2022-07-01,44450,44450,43905,44100,178521,-0.005300552610804088
2022-07-04,44675,44740,44470,44740,194504,0.014512471655328874
2022-07-05,45055,45125,44950,45095,23351,0.007934734018775202
2022-07-06,44900,45095,44635,44770,280173,-0.007207007428761458
2022-07-07,45075,45320,44960,45225,23144,0.010163055617601113
2022-07-08,45715,45755,45545,45570,18961,0.007628524046434437
2022-07-11,45670,45680,45315,45375,22169,-0.004279131007241643
2022-07-12,45285,45285,44870,44965,184109,-0.009035812672176347
2022-07-13,44835,44940,44790,44895,5299,-0.0015567663738462745
2022-07-14,44290,44585,44275,44425,3622,-0.010468871812005842
2022-07-15,44650,44660,44480,44525,79532,0.0022509848058525073
2022-07-18,45435,45610,45325,45545,334827,0.022908478382930975
2022-07-19,45105,45125,44995,45075,224029,-0.010319464266110412
2022-07-20,46240,46490,46225,46375,1283799,0.028840820854131977
2022-07-21,46375,46570,46255,46505,60907,0.0028032345013477844
2022-07-22,46655,46780,46655,46715,35831,0.004515643479195752
2022-07-25,46390,46465,46310,46375,8270,-0.0072781761746761875
2022-07-26,46370,46430,46300,46410,8015,0.0007547169811321641
2022-07-27,46360,46430,46265,46395,8426,-0.0003232062055591456
2022-07-28,47120,47120,47020,47115,68026,0.015518913676042745
2022-07-29,47950,48085,47930,48080,68976,0.020481799851427285
2022-08-01,48205,48275,48150,48230,434693,0.0031198003327788104
2022-08-02,48235,48235,48000,48090,26363,-0.002902757619738794
2022-08-03,47940,48120,47855,48100,7008,0.00020794343938446147
2022-08-04,48625,48750,48595,48645,390110,0.011330561330561428
2022-08-05,48660,48815,48660,48780,134285,0.0027752081406104967
2022-08-08,48450,48655,48415,48655,959029,-0.0025625256252562734
2022-08-09,48655,48675,48500,48590,19317,-0.0013359366971533726
2022-08-10,48395,48395,48210,48245,23305,-0.007100226384029629
2022-08-11,49345,49510,49345,49475,98914,0.025494869934708175
2022-08-12,49405,49485,49305,49420,183953,-0.0011116725618999235
2022-08-16,50325,50385,50240,50295,265449,0.01770538243626052
2022-08-17,50460,50565,50440,50500,308327,0.004075951883885098
2022-08-18,50055,50120,49990,50005,469703,-0.00980198019801981
2022-08-19,50250,50250,50070,50070,24678,0.001299870012998694
2022-08-22,49330,49490,49280,49340,63215,-0.014579588575993618
