Date,Open,High,Low,Close,Volume,Change
2017-03-28,9253,9262,9203,9264,1681,
2017-03-29,9279,9284,9225,9286,1240,0.0023747841105354883
2017-03-30,9297,9297,9211,9237,1270,-0.005276760715054896
2017-03-31,9271,9306,9271,9310,4235,0.007902998809137252
2017-04-03,9326,9326,9284,9296,3496,-0.0015037593984962294
2017-04-04,9288,9288,9248,9291,13751,-0.0005378657487091765
2017-04-05,9311,9321,9243,9268,9775,-0.0024755139382197644
2017-04-06,9243,9293,9230,9296,574,0.0030211480362538623
2017-04-07,9306,9337,9301,9317,1777,0.0022590361445782303
2017-04-10,9311,9311,9162,9188,2597,-0.013845658473757627
2017-04-11,9180,9215,9099,9178,2530,-0.001088376142795
2017-04-12,9185,9185,9140,9173,4917,-0.0005447809980387852
2017-04-13,9194,9266,9190,9268,2661,0.01035648097677977
2017-04-14,9248,9248,9162,9183,1088,-0.009171342252913273
2017-04-17,9225,9279,9225,9277,3464,0.010236306218011526
2017-04-18,9301,9301,9215,9286,1775,0.0009701412094427209
2017-04-19,9262,9306,9239,9301,7235,0.001615334912771882
2017-04-20,9262,9356,9248,9326,775,0.0026878830233307838
2017-04-21,9365,9365,9326,9359,679,0.0035384945314176353
2017-04-24,9370,9370,9293,9345,3789,-0.0014958863126401933
2017-04-25,9356,9391,9275,9395,3293,0.005350454788657144
2017-04-26,9406,9455,9406,9444,1196,0.005215540180947276
2017-04-27,9487,9496,9347,9395,1240,-0.005188479457856832
2017-04-28,9370,9379,9306,9381,2555,-0.0014901543374135073
2017-05-02,9391,9427,9365,9381,4343,0.0
2017-05-04,9379,9411,9379,9407,232,0.002771559535230894
2017-05-08,9432,9527,9416,9530,56156,0.013075369405761705
2017-05-10,9559,9848,9455,9457,15753,-0.007660020986358873
2017-05-11,9505,9559,9474,9557,4331,0.010574177857671563
2017-05-12,9605,9605,9547,9580,19532,0.0024066129538558023
2017-05-15,9568,9632,9518,9552,19985,-0.0029227557411273253
2017-05-16,9586,9635,9532,9566,39523,0.0014656616415409385
2017-05-17,9522,9555,9469,9502,12795,-0.006690361697679226
2017-05-18,9460,9514,9401,9453,14935,-0.005156809092822567
2017-05-19,9483,9532,9427,9485,15078,0.0033851687295038957
2017-05-22,9509,9550,9469,9507,48139,0.0023194517659461678
2017-05-23,9518,9668,9509,9594,28152,0.009151151782896827
2017-05-24,9610,9726,9610,9729,14867,0.014071294559099501
2017-05-25,9749,9762,9690,9734,10038,0.0005139274334464705
2017-05-26,9721,9798,9700,9796,70945,0.006369426751592355
2017-05-29,9771,9821,9716,9729,21508,-0.006839526337280577
2017-05-30,9735,9826,9735,9827,25665,0.01007297769554949
2017-05-31,9771,9889,9767,9836,104512,0.0009158441029815112
2017-06-01,9889,9889,9798,9831,14445,-0.0005083367222448176
2017-06-02,9835,9947,9835,9940,46258,0.011087376665649407
2017-06-05,9965,9965,9856,9860,16854,-0.008048289738430636
2017-06-07,9826,9938,9794,9940,134538,0.008113590263691739
2017-06-08,9974,9974,9865,9958,26337,0.0018108651911468154
2017-06-09,9938,10055,9938,10053,30168,0.009540068286804537
2017-06-12,10018,10051,9897,9963,27727,-0.008952551477171
2017-06-13,9920,10095,9920,10099,42690,0.013650506875439117
2017-06-14,10095,10136,10055,10090,50220,-0.0008911773442915605
2017-06-15,10042,10082,9947,10013,52000,-0.007631318136769094
2017-06-16,10010,10038,9947,9986,70554,-0.002696494557075768
2017-06-19,9991,10060,9943,10003,22227,0.001702383336671387
2017-06-20,10033,10033,9906,9954,39875,-0.004898530440867743
2017-06-21,9884,9924,9821,9905,9021,-0.004922644163150469
2017-06-22,9897,9897,9780,9827,21812,-0.007874810701665846
2017-06-23,9875,9916,9821,9877,7688,0.005088022794342173
2017-06-26,9893,9893,9798,9877,16527,0.0
2017-06-27,9821,9897,9821,9885,8062,0.0008099625392326004
2017-06-28,9816,9920,9816,9900,8783,0.0015174506828528056
2017-06-29,9928,9988,9916,9990,9931,0.009090909090909038
2017-06-30,9943,10014,9943,10017,12117,0.002702702702702675
2017-07-03,10023,10055,9988,10034,1586,0.001697114904662067
2017-07-04,9984,10014,9889,9931,5556,-0.010265098664540617
2017-07-05,9906,9969,9906,9968,5351,0.003725707380928478
2017-07-06,9943,9947,9880,9949,113834,-0.0019060995184591034
2017-07-07,9870,9947,9865,9918,7765,-0.00311589104432608
2017-07-10,9880,9889,9816,9855,5829,-0.006352087114337546
2017-07-11,9856,9924,9843,9895,614,0.004058853373921867
2017-07-12,9861,9897,9806,9850,1235,-0.004547751389590737
2017-07-13,9843,9889,9802,9827,5539,-0.0023350253807106203
2017-07-14,9830,9830,9776,9822,5616,-0.0005088022794341729
2017-07-17,9840,9920,9835,9918,2164,0.009773976786805028
2017-07-18,9880,9928,9856,9931,2233,0.0013107481347045535
2017-07-19,9884,9984,9884,9986,496,0.005538213674353143
2017-07-20,9991,9991,9901,9949,16599,-0.0037051872621670645
2017-07-21,9947,9974,9924,9958,3932,0.0009046135289978441
2017-07-24,9952,10001,9924,10003,1329,0.004518979714802196
2017-07-25,10023,10033,9965,9990,9021,-0.0012996101169648888
2017-07-26,10006,10095,9979,10008,8243,0.0018018018018017834
2017-07-27,10064,10105,10001,10107,12930,0.009892086330935301
2017-07-28,10018,10114,9991,10031,23209,-0.007519540912239053
2017-07-31,10060,10078,9938,9999,5073,-0.0031901106569633964
2017-08-01,10023,10140,10023,10085,2803,0.008600860086008577
2017-08-02,10110,10110,10011,10085,1648,0.0
2017-08-03,10078,10078,9861,9881,1767,-0.020228061477441717
2017-08-04,9884,9952,9856,9954,402,0.007387916202813427
2017-08-07,9952,9988,9901,9931,7205,-0.0023106288929073404
2017-08-08,9897,9916,9806,9918,686,-0.0013090323230289247
2017-08-09,9875,9938,9861,9908,13372,-0.001008267795926554
2017-08-10,9851,9933,9776,9918,1957,0.0010092854259184936
2017-08-11,9802,9835,9744,9782,2662,-0.013712442024601756
2017-08-14,9811,9811,9730,9746,857,-0.0036802289920261355
2017-08-16,9776,9776,9704,9746,6545,0.0
2017-08-17,9754,9785,9680,9786,447,0.004104247896572932
2017-08-18,9716,9771,9680,9764,1275,-0.0022481095442469234
2017-08-21,9762,9762,9640,9674,2963,-0.009217533797623911
2017-08-22,9704,9721,9644,9692,1078,0.0018606574322928005
2017-08-23,9716,9721,9635,9692,625,0.0
2017-08-24,9704,9721,9663,9701,916,0.0009286009079654267
2017-08-25,9716,9721,9644,9724,2256,0.0023708895990104395
2017-08-28,9739,9806,9712,9811,46530,0.00894693541752356
2017-08-29,9780,9780,9672,9759,304,-0.005300173274895514
2017-08-30,9776,9776,9695,9742,2227,-0.001741981760426281
2017-08-31,9776,9780,9721,9782,6305,0.004105933073290879
2017-09-01,9776,9780,9726,9746,620,-0.0036802289920261355
2017-09-04,9595,9695,9595,9652,891,-0.009644982556946458
2017-09-05,9680,9680,9478,9517,1017,-0.013986738499792817
2017-09-06,9509,9509,9401,9431,599,-0.009036461069664825
2017-09-07,9464,9586,9411,9589,289,0.016753260523804547
2017-09-08,9550,9550,9451,9507,737,-0.008551465220565269
2017-09-11,9537,9577,9474,9507,2882,0.0
2017-09-12,9547,9563,9491,9566,20326,0.0062059535079415085
2017-09-13,9586,9586,9469,9512,308,-0.005644992682416916
2017-09-14,9518,9522,9432,9512,550,0.0
2017-09-15,9527,9600,9483,9601,1174,0.009356602186711527
2017-09-18,9622,9622,9527,9601,1468,0.0
2017-09-19,9614,9614,9537,9589,669,-0.001249869805228676
2017-09-20,9617,9622,9527,9530,1447,-0.006152883512357876
2017-09-21,9469,9514,9406,9453,938,-0.008079748163693612
2017-09-22,9442,9442,9271,9286,686,-0.017666349307098317
2017-09-25,9271,9271,9112,9128,4027,-0.01701486108119754
2017-09-26,9144,9207,9108,9210,1537,0.008983347940403119
2017-09-27,9158,9175,9103,9142,1027,-0.007383279044516855
2017-09-28,9131,9266,9058,9268,13661,0.013782542113323082
2017-09-29,9253,9306,9239,9305,13208,0.0039922313336211435
2017-10-10,9383,9383,9279,9336,6577,0.003331542181622682
2017-10-11,9351,9391,9279,9395,2022,0.006319622964867211
2017-10-12,9401,9432,9356,9436,884,0.004364023416711049
2017-10-13,9396,9491,9342,9417,12348,-0.002013565069944878
2017-10-16,9427,9464,9360,9467,2289,0.0053095465647232665
2017-10-17,9464,9491,9416,9480,2729,0.0013731910848209239
2017-10-18,9478,9501,9411,9502,8741,0.0023206751054851704
2017-10-19,9496,9555,9460,9533,42166,0.0032624710587245698
2017-10-20,9537,9595,9501,9580,12902,0.00493024231616479
2017-10-23,9595,9595,9496,9517,9663,-0.006576200417536482
2017-10-24,9501,9568,9464,9562,33638,0.004728380792266451
2017-10-25,9522,9614,9505,9615,7870,0.005542773478351748
2017-10-26,9577,9640,9572,9634,1432,0.0019760790431617714
2017-10-27,9632,9663,9600,9656,5271,0.002283578991073343
2017-10-30,9595,9600,9559,9601,2623,-0.005695940347970163
2017-10-31,9577,9627,9514,9625,2686,0.002499739610457352
2017-11-01,9568,9605,9550,9601,1598,-0.0024935064935065476
2017-11-02,9610,9610,9532,9562,706,-0.004062076866993003
2017-11-03,9614,9644,9577,9643,24454,0.008471031165028231
2017-11-06,9654,9654,9537,9615,107749,-0.0029036606865083803
2017-11-07,9614,9614,9559,9606,776,-0.0009360374414976169
2017-11-08,9555,9659,9555,9660,405,0.0056214865708932304
2017-11-09,9675,9700,9610,9670,104227,0.0010351966873705098
2017-11-10,9627,9627,9559,9615,4719,-0.0056876938986556436
2017-11-13,9614,9617,9537,9597,1869,-0.0018720748829953449
2017-11-14,9563,9659,9532,9660,8124,0.006564551422319376
2017-11-15,9659,9708,9577,9710,13723,0.005175983436852993
2017-11-16,9716,9716,9635,9696,5306,-0.0014418125643665958
2017-11-17,9680,9744,9672,9720,11203,0.0024752475247524774
2017-11-20,9680,9789,9680,9791,9748,0.007304526748971085
2017-11-21,9798,9811,9726,9811,5618,0.002042692268409807
2017-11-22,9821,9840,9771,9831,104141,0.002038528182652044
2017-11-23,9789,9897,9785,9900,5999,0.007018614586512095
2017-11-24,9889,10018,9880,9990,139584,0.009090909090909038
2017-11-27,10010,10073,9943,10027,22550,0.0037037037037037646
2017-11-28,10028,10033,9952,9968,2791,-0.00588411289518298
2017-11-29,9965,10011,9928,9971,3065,0.0003009630818620046
2017-11-30,9974,10047,9938,10003,6560,0.0032093069902718874
2017-12-01,9988,9988,9875,9927,9979,-0.007597720683794829
2017-12-04,9938,9984,9920,9986,2512,0.005943386723078481
2017-12-05,10001,10144,9979,10149,15869,0.016322851992789822
2017-12-06,10140,10144,10033,10048,123984,-0.009951719381219859
2017-12-07,10086,10114,9802,9864,2597,-0.018312101910827994
2017-12-08,9851,9851,9695,9710,3880,-0.015612327656123304
2017-12-11,9663,9851,9663,9855,4758,0.014933058702368607
2017-12-12,9865,9865,9780,9814,102628,-0.00416032470826988
2017-12-13,9861,9943,9861,9945,1087,0.013348277970246514
2017-12-14,9974,9984,9880,9908,6536,-0.0037204625439919425
2017-12-15,9884,9965,9840,9968,5257,0.006055712555510739
2017-12-18,9938,9965,9880,9913,1801,-0.0055176565008026035
2017-12-19,9875,9938,9767,9822,576,-0.009179864823968487
2017-12-20,9811,9884,9811,9869,1752,0.004785176135206681
2017-12-21,9840,9840,9754,9759,2860,-0.011146012767251023
2017-12-22,9771,9826,9685,9827,2070,0.006967927041705124
2017-12-26,9821,9870,9802,9836,3484,0.0009158441029815112
2017-12-27,9835,9938,9835,9940,1266,0.010573403822692118
2017-12-28,9969,10055,9920,10058,10931,0.011871227364185
2018-01-02,10038,10073,9984,10043,6882,-0.0014913501690196895
2018-01-03,10001,10100,9991,10102,7153,0.005874738623917075
2018-01-04,10124,10124,9965,9968,18069,-0.013264700059394174
2018-01-05,9969,10095,9969,10099,58025,0.013142054574638795
2018-01-08,10105,10110,10033,10099,80270,0.0
2018-01-09,10038,10064,10011,10063,300,-0.00356470937716602
2018-01-10,10073,10128,10033,10129,6868,0.0065586803140216254
2018-01-11,10086,10164,10073,10165,60304,0.003554151446342191
2018-01-12,10174,10244,10136,10215,28347,0.004918839153959631
2018-01-15,10213,10290,10205,10274,22189,0.005775819872736232
2018-01-16,10213,10285,10195,10284,65898,0.0009733307377846057
2018-01-17,10263,10263,10128,10229,98247,-0.005348113574484614
2018-01-18,10213,10295,10213,10287,25748,0.005670153485189067
2018-01-19,10254,10330,10254,10292,46459,0.0004860503548167472
2018-01-22,10280,10345,10226,10346,30951,0.005246793626117352
2018-01-23,10340,10533,10321,10523,68476,0.017108061086410276
2018-01-24,10519,10645,10511,10617,132505,0.008932813836358466
2018-01-25,10614,10696,10600,10689,35855,0.006781576716586635
2018-01-26,10687,10741,10638,10725,35264,0.003367948358125261
2018-01-29,10727,10831,10723,10812,23662,0.00811188811188801
2018-01-30,10809,10831,10678,10748,50495,-0.005919348871624153
2018-01-31,10619,10687,10524,10689,86070,-0.005489393375511686
2018-02-01,10638,10759,10629,10743,88907,0.00505192253718767
2018-02-02,10686,10753,10518,10598,54864,-0.013497160942008701
2018-02-05,10466,10474,10345,10350,161908,-0.023400641630496266
2018-02-06,10100,10259,9906,10193,110933,-0.015169082125603861
2018-02-07,10335,10357,10078,10080,21579,-0.011086039438830575
2018-02-08,10060,10213,10060,10215,9202,0.013392857142857206
2018-02-09,9965,10185,9965,10154,24102,-0.005971610376896752
2018-02-12,10154,10154,10100,10129,1886,-0.0024620839078195456
2018-02-13,10105,10105,9965,9990,1033,-0.01372297364004349
2018-02-14,9988,9988,9865,9949,4434,-0.0041041041041041115
2018-02-19,10018,10114,10006,10107,16582,0.015880993064629534
2018-02-20,10082,10128,10001,10034,8445,-0.007222716928861228
2018-02-21,10010,10124,9988,10125,751,0.009069164839545563
2018-02-22,10055,10082,9991,10058,11565,-0.006617283950617336
2018-02-23,10086,10154,10023,10158,5584,0.009942334460131264
2018-02-26,10185,10185,10060,10111,22228,-0.0046268950580823365
2018-02-27,10110,10114,10051,10116,3378,0.0004945109286915716
2018-02-28,10047,10047,9956,10017,3630,-0.009786476868327454
2018-03-02,9856,9889,9789,9881,1142,-0.013576919237296647
2018-03-05,9826,9826,9663,9696,2247,-0.01872280133589721
2018-03-06,9721,9776,9712,9779,1146,0.008560231023102327
2018-03-07,9776,9776,9622,9634,1647,-0.014827691993046344
2018-03-08,9627,9735,9614,9720,53699,0.008926717874195633
2018-03-09,9700,9861,9700,9860,5215,0.014403292181069949
2018-03-12,9924,9988,9893,9990,1705,0.013184584178498993
2018-03-13,9920,9965,9889,9968,309,-0.0022022022022022414
2018-03-14,9893,9938,9861,9940,507,-0.002808988764044895
2018-03-15,9906,9960,9811,9963,3703,0.002313883299798869
2018-03-16,9928,9952,9893,9954,1145,-0.0009033423667570428
2018-03-19,9974,9974,9916,9945,1432,-0.000904159132007254
2018-03-20,9911,9911,9848,9905,1242,-0.004022121669180478
2018-03-21,9897,9933,9875,9905,675,0.0
2018-03-22,9875,9965,9856,9905,624,0.0
2018-03-23,9695,9712,9542,9585,1553,-0.0323069156991419
2018-03-26,9577,9668,9537,9670,2734,0.008868022952529975
2018-03-27,9712,9816,9704,9814,852,0.014891416752843778
2018-03-28,9730,9754,9668,9715,617,-0.01008762991644585
2018-03-29,9726,9758,9659,9759,473,0.004529078744210047
2018-03-30,9811,9830,9780,9831,38024,0.007377805102981805
2018-04-02,9848,9893,9758,9791,1450,-0.004068762079137422
2018-04-03,9726,9811,9716,9814,127,0.002349096108671178
2018-04-04,9776,9806,9627,9688,111,-0.012838801711840264
2018-04-05,9721,9730,9695,9734,785,0.004748142031379077
2018-04-06,9695,9730,9680,9734,187,0.0
2018-04-09,9716,9762,9663,9759,987,0.0025683172385453368
2018-04-10,9744,9767,9685,9769,24354,0.0010246951531920345
2018-04-11,9721,9861,9704,9841,4207,0.007370252840618319
2018-04-12,9848,9861,9826,9846,464,0.0005080784473121547
2018-04-13,9835,9835,9754,9786,3065,-0.006093845216331495
2018-04-16,9767,9843,9754,9846,2157,0.006131207847946074
2018-04-17,9851,9906,9840,9905,2070,0.0059922811293926515
2018-04-18,9928,9991,9901,9940,486,0.0035335689045936647
2018-04-19,9861,9955,9851,9949,7745,0.0009054325955735187
2018-04-20,9960,10010,9897,10013,3364,0.006432807317318323
2018-04-23,9974,9991,9938,9981,4223,-0.003195845400978725
2018-04-24,10001,10006,9920,9922,5720,-0.0059112313395451865
2018-04-25,9880,9947,9870,9927,6942,0.0005039306591412274
2018-04-26,9943,9991,9901,9958,6360,0.0031227964138209607
2018-04-27,9928,9985,9906,9936,1045,-0.0022092789716811057
2018-04-30,9989,9989,9911,9976,2040,0.004025764895330131
2018-05-02,9985,10025,9956,10028,1026,0.005212510024057648
2018-05-03,9966,9966,9901,9931,10136,-0.0096729158356601
2018-05-04,9920,9920,9829,9848,5561,-0.008357667908569177
2018-05-08,9829,9829,9640,9660,8848,-0.019090170593013767
2018-05-09,9668,9686,9589,9688,30455,0.0028985507246377384
2018-05-10,9663,9741,9609,9742,2649,0.0055739058629231675
2018-05-11,9741,9911,9741,9912,801,0.017450215561486404
2018-05-14,9956,9970,9896,9949,1165,0.003732849071832023
2018-05-15,9906,9952,9879,9945,7540,-0.00040205045733243683
2018-05-16,9850,9892,9809,9853,3239,-0.0092508798391151
2018-05-17,9800,9864,9792,9839,5497,-0.0014208870394804007
2018-05-18,9855,9916,9824,9917,408,0.007927634922248128
2018-05-21,9884,9906,9850,9908,2366,-0.0009075325199152662
2018-05-23,9842,9869,9792,9872,912,-0.0036334275333064214
2018-05-24,9829,9860,9768,9829,10904,-0.004355753646677507
2018-05-25,9717,9746,9696,9747,3752,-0.008342659477057701
2018-05-28,9756,9842,9756,9825,5527,0.008002462296091029
2018-05-29,9797,9797,9732,9752,3219,-0.007430025445292587
2018-05-30,9686,9686,9545,9660,925,-0.009433962264150941
2018-05-31,9696,9709,9654,9711,364,0.005279503105590111
2018-06-01,9681,9773,9681,9776,1002,0.006693440428380271
2018-06-04,9800,9819,9746,9821,306,0.004603109656301063
2018-06-05,9833,9838,9797,9825,689,0.0004072904999490312
2018-06-07,9809,9947,9809,9949,312,0.012620865139949089
2018-06-08,9933,9933,9860,9885,1681,-0.006432807317318323
2018-06-11,9892,9989,9869,9990,3077,0.01062215477996964
2018-06-12,9992,10035,9966,10035,3206,0.0045045045045044585
2018-06-14,9985,9992,9860,9917,806,-0.0117588440458396
2018-06-15,9896,9916,9768,9829,2431,-0.008873651305838504
2018-06-18,9804,9804,9622,9692,11212,-0.01393834571166952
2018-06-19,9654,9676,9507,9514,653,-0.01836566240198101
2018-06-20,9512,9562,9475,9546,1417,0.0033634643682993737
2018-06-21,9489,9521,9412,9454,1585,-0.009637544521265418
2018-06-22,9402,9438,9347,9441,692,-0.0013750793314999399
2018-06-25,9379,9475,9356,9477,2387,0.0038131553860820677
2018-06-26,9424,9457,9334,9445,800,-0.0033765959691886005
2018-06-27,9424,9428,9310,9325,823,-0.012705134992059275
2018-06-28,9296,9342,9246,9280,490,-0.004825737265415575
2018-06-29,9325,9325,9132,9294,328,0.0015086206896550713
2018-07-02,9223,9246,9041,9061,1321,-0.025069937594146774
2018-07-03,9036,9041,8908,8996,5834,-0.00717360114777621
2018-07-04,8944,8999,8920,8996,269,0.0
2018-07-05,9016,9016,8865,8928,775,-0.007558915073365924
2018-07-06,8958,9072,8913,9061,114,0.014896953405017843
2018-07-09,9053,9067,8994,9061,87300,0.0
2018-07-10,9058,9113,9058,9097,15066,0.0039730714049222016
2018-07-11,9007,9036,8949,9032,595,-0.007145212707486026
2018-07-12,9026,9090,8990,9093,456,0.006753764393268469
2018-07-13,9072,9149,9072,9152,1348,0.0064885076432421585
2018-07-16,9095,9113,9063,9115,2267,-0.004042832167832189
2018-07-17,9095,9123,9058,9097,467,-0.0019747668678002928
2018-07-18,9081,9081,8961,8996,655,-0.011102561283939716
2018-07-19,8976,8976,8852,8895,294,-0.011227212094264138
2018-07-20,8852,8903,8816,8899,1277,0.00044969083754908823
2018-07-23,8893,8893,8811,8841,1516,-0.006517586245645579
2018-07-24,8816,8889,8765,8890,1556,0.005542359461599311
2018-07-25,8903,8903,8848,8873,1635,-0.0019122609673790647
2018-07-26,8920,8981,8917,8982,932,0.012284458469514314
2018-07-27,8976,9003,8917,9005,707,0.0025606769093742265
2018-07-30,8939,8976,8917,8978,1267,-0.0029983342587451833
2018-07-31,8961,9031,8949,9032,464,0.006014702606371047
2018-08-01,9067,9127,9067,9125,601,0.010296722763507571
2018-08-02,9058,9081,8949,8978,165,-0.01610958904109594
2018-08-03,9007,9072,8999,9074,382,0.010692804633548603
2018-08-06,9081,9127,9058,9088,45239,0.001542869737712227
2018-08-07,9099,9099,9026,9101,20051,0.0014304577464787638
2018-08-08,9172,9172,9067,9078,337,-0.002527194813756739
2018-08-09,9085,9090,9045,9074,324,-0.00044062568847769157
2018-08-10,9090,9123,9063,9115,4578,0.004518404231871331
2018-08-13,9090,9090,8949,8978,1126,-0.01503017004936913
2018-08-14,8990,9053,8966,9056,388,0.008687903764758254
2018-08-16,9041,9041,8898,9020,1587,-0.003975265017667873
2018-08-17,9049,9067,9007,9046,693,0.0028824833702882913
2018-08-20,9049,9095,9036,9097,1611,0.00563785098386016
2018-08-21,9072,9141,9053,9143,752,0.005056612069913147
2018-08-22,9081,9127,9041,9078,828,-0.007109263917751241
2018-08-23,9049,9081,8961,9061,534,-0.0018726591760299671
2018-08-24,9058,9123,9031,9125,5570,0.007063238053194976
2018-08-27,9149,9169,9085,9157,3888,0.0035068493150685054
2018-08-28,9182,9205,9145,9207,406,0.005460303592879745
2018-08-29,9228,9228,9192,9217,112,0.0010861301183882066
2018-08-30,9192,9192,9132,9192,325,-0.0027123792991211593
2018-08-31,9192,9251,9164,9252,5525,0.006527415143603221
2018-09-03,9213,9228,9141,9197,10502,-0.005944660613921293
2018-09-04,9172,9233,9132,9234,308,0.004023050994889532
2018-09-05,9201,9269,9172,9212,500,-0.0023824994585228687
2018-09-06,9123,9228,9123,9230,4661,0.0019539730785931297
2018-09-07,9218,9255,9154,9257,8055,0.002925243770314223
2018-09-10,9209,9292,9201,9294,3149,0.003996975261963964
2018-09-11,9201,9320,9201,9320,455,0.0027975037658705126
2018-09-12,9287,9325,9218,9313,617,-0.0007510729613734446
2018-09-13,9388,9388,9292,9335,5104,0.0023622892730592593
2018-09-14,9300,9392,9300,9395,262,0.006427423674343791
2018-09-17,9392,9392,9233,9280,1611,-0.012240553485896699
2018-09-18,9251,9260,9228,9262,340,-0.00193965517241379
2018-09-19,9283,9283,9154,9197,432,-0.007017922694882328
2018-09-20,9196,9196,9149,9166,1107,-0.003370664347069674
2018-09-21,9209,9213,9136,9157,544,-0.0009818895919703197
2018-09-27,9172,9251,9169,9252,3604,0.010374576826471582
2018-09-28,9251,9287,9192,9275,10607,0.00248594898400345
2018-10-01,9251,9251,9172,9217,979,-0.006253369272237186
2018-10-02,9223,9223,9063,9078,586,-0.015080828903113797
2018-10-04,9164,9164,8999,9032,234,-0.005067195417492787
2018-10-05,9031,9049,8903,8991,2147,-0.0045394154118688634
2018-10-08,8994,8994,8889,8890,574,-0.011233455677900128
2018-10-10,8884,8884,8669,8702,1124,-0.021147356580427434
2018-10-11,8513,8527,8297,8300,22044,-0.046196276717995866
2018-10-12,8284,8375,8252,8377,402,0.00927710843373486
2018-10-15,8349,8394,8321,8359,1707,-0.0021487405992598463
2018-10-16,8366,8417,8344,8364,724,0.0005981576743629979
2018-10-17,8462,8477,8385,8423,645,0.007054041128646604
2018-10-18,8425,8449,8352,8377,401,-0.00546123708892321
2018-10-19,8334,8389,8261,8391,269,0.0016712426883132014
2018-10-22,8361,8385,8297,8387,1786,-0.00047670122750564925
2018-10-23,8366,8366,8091,8139,6535,-0.029569571956599483
2018-10-24,8198,8219,8110,8139,166,0.0
2018-10-25,7913,8004,7876,8006,6945,-0.016341073841995346
2018-10-26,7963,7963,7715,7850,1650,-0.019485385960529622
2018-10-29,7826,7857,7565,7576,1118,-0.03490445859872615
2018-10-30,7560,7629,7445,7630,1345,0.007127771911298764
2018-10-31,7651,7747,7560,7731,297,0.013237221494102336
2018-11-01,7701,7812,7697,7726,3930,-0.0006467468632777029
2018-11-02,7747,7899,7747,7901,489,0.02265078954180688
2018-11-05,7784,7807,7734,7801,745,-0.012656625743576733
2018-11-06,7826,7926,7826,7929,543,0.016408152800923004
2018-11-07,7918,7994,7679,7731,569,-0.024971623155505163
2018-11-08,7830,7913,7830,7883,359,0.01966110464364257
2018-11-09,7853,7889,7817,7887,5343,0.000507421032601707
2018-11-12,7822,7918,7822,7919,1642,0.004057309496640071
2018-11-13,7788,7926,7734,7929,5031,0.0012627857052658342
2018-11-14,7908,7945,7876,7933,230,0.000504477235464762
2018-11-15,7889,7999,7876,8001,6271,0.008571788730618923
2018-11-16,7986,8068,7982,8070,2151,0.008623922009748819
2018-11-19,8036,8137,8027,8139,6037,0.008550185873605898
2018-11-20,8055,8141,8055,8135,768,-0.0004914608674284615
2018-11-21,8045,8209,8027,8213,627,0.009588199139520581
2018-11-22,8188,8209,8146,8176,505,-0.004505052964811851
2018-11-23,8146,8173,8091,8121,691,-0.006727005870841518
2018-11-26,8101,8297,8101,8285,9300,0.020194557320527107
2018-11-27,8275,8279,8224,8277,377,-0.0009656004828002551
2018-11-28,8252,8265,8206,8267,357,-0.0012081672103418928
2018-11-29,8293,8301,8256,8290,114,0.002782145881214504
2018-11-30,8293,8316,8256,8317,5000,0.003256936067551175
2018-12-03,8321,8389,8321,8391,5253,0.008897438980401517
2018-12-04,8357,8370,8288,8345,1552,-0.005482064116315133
2018-12-05,8261,8339,8261,8331,5466,-0.0016776512881965244
2018-12-06,8352,8352,8188,8226,5004,-0.012603528988116675
2018-12-07,8256,8265,8164,8226,705,0.0
2018-12-10,8110,8151,8068,8135,1462,-0.011062484804279071
2018-12-11,8106,8106,8060,8090,10155,-0.005531653349723387
2018-12-12,8123,8193,8118,8193,463,0.012731767614338585
2018-12-13,8169,8238,8156,8240,187,0.005736604418405955
2018-12-14,8261,8261,8151,8198,5059,-0.0050970873786407855
2018-12-17,8229,8229,8146,8157,1827,-0.005001219809709689
2018-12-18,8123,8133,8041,8043,438,-0.013975726369989006
2018-12-19,8055,8146,8055,8148,421,0.01305483028720622
2018-12-20,8118,8178,8036,8143,796,-0.0006136475208640135
2018-12-21,8141,8146,8096,8148,660,0.0006140243153629488
2018-12-24,8128,8128,8091,8106,744,-0.005154639175257714
2018-12-26,8018,8018,7885,7973,3010,-0.016407599309153698
2018-12-27,8096,8173,8045,8153,2257,0.022576194656967363
2018-12-28,8193,8193,8146,8185,818,0.003924935606525182
2019-01-02,8133,8188,8009,8061,35133,-0.015149664019547981
2019-01-03,8045,8060,7913,7933,385,-0.015878923210519758
2019-01-04,7918,8027,7899,8030,159,0.012227404512794582
2019-01-07,8068,8141,8064,8143,10665,0.014072229140722259
2019-01-08,8151,8178,8118,8162,1475,0.0023332923983789833
2019-01-09,8209,8301,8209,8253,161,0.011149228130360234
2019-01-10,8238,8261,8202,8253,1711,0.0
2019-01-11,8206,8306,8206,8309,261,0.006785411365564098
2019-01-14,8297,8306,8256,8309,5463,0.0
2019-01-15,8329,8375,8329,8331,1101,0.002647731375616802
2019-01-16,8297,8334,8279,8313,461,-0.002160604969391411
2019-01-17,8288,8316,8279,8305,284,-0.0009623481294358527
2019-01-18,8349,8403,8316,8400,1041,0.011438892233594178
2019-01-21,8440,8440,8366,8405,1407,0.0005952380952380931
2019-01-22,8425,8425,8334,8369,2323,-0.004283164782867388
2019-01-23,8361,8477,8361,8477,387,0.012904767594694722
2019-01-24,8435,8490,8421,8468,167,-0.001061696354842545
2019-01-25,8457,8532,8449,8524,1522,0.006613131790269344
2019-01-28,8537,8554,8490,8542,1109,0.0021116846550914836
2019-01-29,8494,8513,8467,8515,633,-0.003160852259423974
2019-01-30,8522,8628,8522,8629,398,0.013388138578978248
2019-01-31,8673,8673,8540,8620,18045,-0.0010429945532506313
2019-02-01,8650,8655,8605,8648,486,0.0032482598607888047
2019-02-07,8628,8660,8573,8661,998,0.0015032377428307875
2019-02-08,8669,8669,8609,8639,1075,-0.0025401223877150603
2019-02-11,8664,8702,8623,8675,267611,0.004167148975575907
2019-02-12,8669,8669,8600,8661,2598,-0.001613832853025965
2019-02-13,8636,8709,8632,8707,6297,0.0053111649924950655
2019-02-14,8687,8742,8623,8744,5912,0.004249454461927149
2019-02-15,8733,8733,8655,8693,1069,-0.005832570905763945
2019-02-18,8709,8761,8709,8752,621,0.00678707005636725
2019-02-19,8709,8756,8669,8757,8526,0.0005712979890311054
2019-02-20,8733,8816,8719,8799,1686,0.004796163069544335
2019-02-21,8751,8796,8737,8795,21081,-0.0004545971133083082
2019-02-22,8765,8801,8751,8757,2445,-0.004320636725412164
2019-02-25,8861,8861,8788,8844,5070,0.009934909215484788
2019-02-26,8811,8838,8801,8816,5622,-0.003165988240615092
2019-02-27,8843,8852,8778,8854,22526,0.004310344827586299
2019-02-28,8861,8913,8756,8757,6289,-0.01095550033882986
2019-03-04,8801,8939,8801,8890,1149,0.0151878497202238
2019-03-05,8865,8865,8833,8854,464,-0.004049493813273353
2019-03-06,8825,8898,8806,8890,156,0.004065958888637811
2019-03-07,8879,8884,8796,8836,319,-0.006074240719910029
2019-03-08,8783,8783,8714,8726,270,-0.01244907197827072
2019-03-11,8714,8742,8660,8744,16938,0.0020628008251202257
2019-03-12,8765,8848,8765,8849,112977,0.012008234217749214
2019-03-13,8861,8903,8829,8895,73599,0.005198327494632116
2019-03-14,8949,9012,8908,9015,736,0.013490725126475533
2019-03-15,8958,9081,8958,9083,27511,0.007542983915695967
2019-03-18,9099,9099,9003,9056,173758,-0.0029725861499504402
2019-03-19,9077,9077,8961,8982,240,-0.008171378091872739
2019-03-20,8976,8985,8865,8986,691,0.00044533511467381715
2019-03-21,8920,8976,8816,8854,505,-0.014689517026485688
2019-03-22,8811,8829,8747,8799,31329,-0.00621188163541897
2019-03-25,8751,8756,8669,8671,1674,-0.014547107625866529
2019-03-26,8632,8733,8632,8726,25936,0.006342982354976323
2019-03-27,8709,8751,8692,8712,525,-0.0016044006417602619
2019-03-28,8714,8714,8614,8615,1578,-0.011134067952249804
2019-03-29,8660,8697,8632,8634,20462,0.0022054556006965154
2019-04-01,8697,8801,8697,8804,770,0.019689599258744472
2019-04-02,8778,8778,8737,8781,4741,-0.0026124488868696227
2019-04-03,8756,8852,8756,8854,5310,0.008313403940325648
2019-04-04,8865,8874,8816,8877,5076,0.002597695956629842
2019-04-05,8833,8879,8829,8877,743,0.0
2019-04-08,8913,8929,8884,8923,4966,0.005181930832488524
2019-04-09,8934,8939,8870,8882,50061,-0.004594867197130981
2019-04-10,8908,8990,8903,8991,5606,0.012272010808376477
2019-04-11,9016,9026,8966,9029,335,0.004226448670893168
2019-04-12,9031,9127,8971,9128,761,0.01096466939860452
2019-04-15,9213,9255,9192,9230,197909,0.011174408413672232
2019-04-16,9205,9246,9141,9234,53336,0.0004333694474538685
2019-04-17,9223,9223,9132,9171,55750,-0.006822612085769952
2019-04-18,9182,9182,9081,9093,114846,-0.008505070330389275
2019-04-19,9072,9154,9058,9157,10924,0.007038381172330466
2019-04-22,9192,9192,9109,9171,1267,0.001528885006006231
2019-04-23,9169,9169,9067,9101,763,-0.007632755424708315
2019-04-24,9063,9063,8958,9020,190,-0.008900120865838912
2019-04-25,9041,9041,8949,8982,6132,-0.00421286031042134
2019-04-26,8976,8976,8874,8913,3493,-0.007682030728122902
2019-04-29,8935,9024,8935,9026,619,0.01267811062492985
2019-04-30,9039,9039,8930,9012,636,-0.0015510746731663971
2019-05-02,8954,9034,8954,9034,800,0.0024411895250777693
2019-05-03,8973,8973,8898,8928,1885,-0.011733451405800288
2019-05-07,8804,8856,8777,8857,4623,-0.007952508960573423
2019-05-08,8781,8874,8767,8853,288,-0.00045162018742239685
2019-05-09,8804,8819,8655,8656,341,-0.022252343838246924
2019-05-10,8710,8715,8552,8638,779,-0.0020794824399260614
2019-05-13,8580,8580,8492,8507,6312,-0.015165547580458405
2019-05-14,8421,8552,8421,8554,96482,0.005524861878453136
2019-05-15,8529,8594,8492,8596,1730,0.004909983633387904
2019-05-16,8622,8622,8519,8559,86007,-0.004304327594229829
2019-05-17,8562,8562,8458,8483,636,-0.00887954200257035
2019-05-20,8529,8529,8450,8460,1048,-0.0027113049628668673
2019-05-21,8463,8463,8398,8446,658,-0.0016548463356973464
2019-05-22,8435,8453,8393,8456,785,0.0011839924224485987
2019-05-23,8398,8430,8356,8428,446,-0.0033112582781457123
2019-05-24,8374,8425,8360,8404,580,-0.0028476506881822683
2019-05-27,8393,8450,8393,8451,1904,0.0055925749643026545
2019-05-28,8478,8543,8458,8498,248,0.005561472015146229
2019-05-29,8515,8515,8384,8386,11399,-0.01317957166392092
2019-05-30,8398,8412,8295,8408,12355,0.0026234199856904894
2019-05-31,8342,8379,8324,8367,1462,-0.004876308277830588
2019-06-03,8299,8403,8299,8404,407,0.004422134576311798
2019-06-04,8421,8435,8384,8437,191,0.003926701570680535
2019-06-05,8435,8453,8398,8437,552,0.0
2019-06-07,8453,8492,8435,8456,347,0.0022519853028326597
2019-06-10,8463,8547,8463,8549,1004,0.010998107852412398
2019-06-11,8552,8655,8552,8652,1160,0.012048192771084265
2019-06-12,8645,8660,8627,8643,359,-0.0010402219140083213
2019-06-13,8622,8753,8584,8754,234,0.012842762929538454
2019-06-14,8683,8702,8640,8647,2222,-0.01222298377884401
2019-06-17,8618,8678,8599,8624,1322,-0.0026598820400138834
2019-06-18,8632,8655,8604,8609,629,-0.0017393320964749215
2019-06-19,8650,8669,8613,8652,437,0.0049947729120687345
2019-06-20,8636,8664,8622,8661,604,0.0010402219140084323
2019-06-21,8640,8683,8636,8685,9275,0.002771042604780005
2019-06-24,8693,8698,8645,8680,31086,-0.0005757052389177009
2019-06-25,8715,8715,8632,8647,1269,-0.0038018433179723976
2019-06-26,8589,8613,8571,8609,547,-0.004394587718283827
2019-06-27,8589,8645,8571,8628,547,0.0022069926820769137
2019-06-28,8627,8627,8562,8604,7656,-0.0027816411682892728
2019-07-01,8678,8678,8589,8604,2759,0.0
2019-07-02,8566,8627,8534,8609,13384,0.000581125058112475
2019-07-03,8636,8636,8500,8549,597,-0.006969450574979663
2019-07-04,8580,8613,8515,8614,2748,0.007603228447771615
2019-07-05,8636,8664,8594,8661,10056,0.005456234037613195
2019-07-08,8636,8636,8458,8460,517,-0.02320748181503296
2019-07-09,8458,8478,8365,8367,571,-0.010992907801418483
2019-07-10,8332,8389,8332,8386,740,0.00227082586351135
2019-07-11,8445,8483,8425,8469,345,0.009897448127831998
2019-07-12,8450,8468,8430,8460,393,-0.0010626992561104665
2019-07-15,8478,8478,8370,8390,3833,-0.008274231678486954
2019-07-16,8393,8440,8351,8413,8221,0.0027413587604290246
2019-07-17,8403,8403,8281,8329,15969,-0.009984547723760895
2019-07-18,8304,8327,8290,8307,13962,-0.002641373514227441
2019-07-19,8324,8403,8290,8399,216,0.011074996990489971
2019-07-22,8360,8384,8304,8381,1189,-0.0021431122752708642
2019-07-23,8370,8403,8337,8394,259,0.0015511275504116462
2019-07-24,8393,8393,8299,8314,575,-0.009530617107457728
2019-07-25,8263,8263,8145,8222,1372,-0.011065672359874879
2019-07-26,8202,8239,8136,8193,1324,-0.003527122354658241
2019-07-29,8183,8183,8010,8016,335,-0.02160380812889051
2019-07-30,8005,8071,7991,8058,21782,0.0052395209580837765
2019-07-31,8057,8089,8005,8092,179,0.00421940928270037
2019-08-01,7987,8089,7978,8026,270,-0.008156203657933792
2019-08-02,7945,7963,7912,7923,131,-0.012833291801644608
2019-08-05,7912,7912,7640,7656,639,-0.033699356304430106
2019-08-06,7500,7715,7458,7553,26504,-0.013453500522466078
2019-08-07,7594,7594,7453,7529,13114,-0.0031775453462200565
2019-08-08,7552,7664,7528,7666,375,0.01819630761057245
2019-08-09,7678,7701,7632,7666,476,0.0
2019-08-12,7636,7636,7571,7587,55770,-0.010305243934255137
2019-08-13,7547,7608,7538,7604,97,0.0022406748385395137
2019-08-14,7599,7636,7584,7637,170,0.0043398211467648995
2019-08-16,7543,7543,7486,7516,41984,-0.015843917768757376
2019-08-19,7538,7645,7538,7647,17835,0.017429483767961607
2019-08-20,7632,7706,7612,7703,19685,0.007323133254871106
2019-08-21,7697,7738,7650,7741,895,0.004933142931325518
2019-08-22,7734,7743,7688,7736,465,-0.000645911380958486
2019-08-23,7683,7683,7640,7652,447,-0.01085832471561532
2019-08-26,7510,7575,7500,7534,7374,-0.015420805018295902
2019-08-27,7575,7579,7495,7498,623,-0.004778338200159271
2019-08-28,7495,7589,7491,7592,292,0.012536676447052475
2019-08-29,7599,7608,7566,7609,262,0.002239199157007432
2019-08-30,7655,7720,7655,7713,136,0.013668024707583104
2019-09-02,7688,7734,7673,7731,771,0.002333722287047868
2019-09-03,7730,7790,7730,7759,355,0.0036217824343551808
2019-09-04,7720,7851,7720,7852,238,0.01198608068050011
2019-09-05,7837,7869,7814,7829,482,-0.00292919001528269
2019-09-06,7856,7856,7781,7787,98,-0.005364669817345735
2019-09-09,7804,7842,7720,7754,1219206,-0.004237832284576859
2019-09-10,7795,7874,7777,7876,42953,0.015733814805261703
2019-09-11,7935,7950,7920,7951,949,0.009522600304723294
2019-09-16,7978,8043,7978,8044,1363,0.011696641931832508
2019-09-17,8038,8071,8010,8054,114,0.0012431626056688128
2019-09-18,8079,8079,8043,8058,80,0.0004966476285075405
2019-09-19,8019,8052,8010,8030,5095,-0.0034748076445768605
2019-09-20,8047,8094,8014,8096,5234,0.008219178082191858
2019-09-23,8079,8099,8047,8082,778,-0.0017292490118576698
2019-09-24,8076,8089,8033,8092,1145,0.0012373174956694655
2019-09-25,8084,8084,7953,7960,1113,-0.016312407315867472
2019-09-26,8000,8014,7912,7946,1412,-0.0017587939698492372
2019-09-27,7950,7950,7847,7857,473,-0.011200604077523324
2019-09-30,7827,7893,7809,7894,64216,0.004709176530482306
2019-10-01,7893,7945,7847,7946,32672,0.006587281479604856
2019-10-02,7865,7865,7777,7778,7085,-0.021142713314875383
2019-10-04,7763,7763,7673,7679,1220,-0.012728207765492439
2019-10-07,7673,7693,7650,7693,811,0.001823154056517673
2019-10-08,7706,7743,7688,7731,1124,0.004939555440010457
2019-10-10,7669,7706,7604,7619,789,-0.014487129737420723
2019-10-11,7678,7693,7650,7666,491,0.006168788554928417
2019-10-14,7715,7795,7715,7792,1441,0.016436211844508275
2019-10-15,7795,7842,7795,7824,667,0.004106776180698102
2019-10-16,7860,7889,7832,7872,538,0.006134969325153339
2019-10-17,7869,7884,7860,7867,1332,-0.0006351626016259937
2019-10-18,7893,7893,7832,7862,347,-0.0006355662895639602
2019-10-21,7893,7893,7819,7857,1620,-0.0006359704909691954
2019-10-22,7903,7940,7903,7936,237,0.01005472826778675
2019-10-23,7917,7925,7851,7881,220,-0.006930443548387122
2019-10-24,7893,7903,7842,7904,101,0.0029184113691156366
2019-10-25,7912,7912,7865,7904,1221,0.0
2019-10-28,7950,7978,7925,7946,13139,0.005313765182186181
2019-10-29,7950,7968,7907,7932,227,-0.0017618927762396153
2019-10-30,7935,7935,7860,7876,2085,-0.007060010085728652
2019-10-31,7893,7912,7851,7899,305,0.002920264093448477
2019-11-01,7874,7898,7860,7894,174,-0.0006329915179136281
2019-11-04,7925,8062,7925,8062,354,0.021281986318723023
2019-11-05,8062,8099,8033,8087,833,0.0031009675018605076
2019-11-06,8089,8136,8089,8109,5034,0.0027204154816371506
2019-11-07,8099,8136,8099,8119,13500,0.0012331976815882495
2019-11-08,8145,8169,8132,8166,9023,0.005788890257420798
2019-11-11,8178,8183,8122,8156,1339,-0.001224589762429562
2019-11-12,8164,8183,8132,8184,376,0.00343305541932315
2019-11-13,8169,8169,8113,8124,131,-0.007331378299120228
2019-11-14,8117,8140,8079,8138,406,0.0017232890201870354
2019-11-15,8122,8230,8122,8218,914,0.009830425165888501
2019-11-18,8198,8198,8127,8166,13837,-0.006327573618885363
2019-11-19,8140,8145,8076,8142,1402,-0.0029390154298309934
2019-11-20,8084,8094,8033,8049,1061,-0.01142225497420779
2019-11-21,8057,8057,7925,7969,1175,-0.009939122872406503
2019-11-22,7973,8019,7958,7993,256,0.003011670222110574
2019-11-25,7995,8104,7995,8104,1662,0.013887151257350183
2019-11-26,8094,8104,8076,8104,552,0.0
2019-11-27,8150,8258,8099,8241,121,0.01690523198420535
2019-11-28,8248,8248,8145,8180,375,-0.007402014318650618
2019-11-29,8188,8188,8079,8109,353,-0.008679706601466997
2019-12-02,8132,8132,8071,8100,1621,-0.0011098779134295356
2019-12-03,8043,8057,7995,8049,55,-0.006296296296296244
2019-12-04,8000,8005,7958,8002,98,-0.005839234687538775
2019-12-05,7995,7995,7907,7965,2776,-0.004623844038990299
2019-12-06,7991,7991,7953,7973,479,0.001004394224733307
2019-12-09,7953,7973,7874,7899,4034,-0.00928132447008656
2019-12-10,7903,7987,7903,7988,634,0.011267249018863223
2019-12-11,7991,8043,7973,8039,549,0.00638457686529792
2019-12-12,8079,8104,8062,8104,692,0.008085582783928347
2019-12-13,8164,8164,8108,8138,114,0.004195459032576565
2019-12-16,8155,8178,8117,8166,2109,0.003440648808060942
2019-12-17,8127,8178,8122,8166,141,0.0
2019-12-18,8145,8164,8132,8147,3727,-0.002326720548616268
2019-12-19,8132,8169,8127,8171,1109,0.0029458696452682176
2019-12-20,8198,8206,8155,8208,8410,0.004528209521478477
2019-12-23,8210,8230,8173,8222,1165,0.0017056530214425436
2019-12-24,8220,8220,8193,8218,421,-0.0004864996351252593
2019-12-26,8202,8281,8202,8282,1484,0.007787782915551267
2019-12-27,8337,8421,8332,8404,147,0.014730741366819622
2019-12-30,8393,8445,8393,8446,319,0.004997620180866358
2020-01-02,8379,8379,8324,8372,1543,-0.008761543926118831
2020-01-03,8360,8393,8342,8372,53,0.0
2020-01-06,8281,8281,8178,8198,442,-0.02078356426182515
2020-01-07,8258,8258,8210,8236,280,0.004635276896804097
2020-01-08,8104,8113,7958,7988,839,-0.030111704711024756
2020-01-09,8089,8104,8033,8104,84,0.014521782674010941
2020-01-10,8076,8113,8071,8114,634,0.0012339585389931074
2020-01-13,8094,8132,8071,8133,33075,0.0023416317475968285
2020-01-14,8150,8193,8150,8193,20462,0.007377351530800436
2020-01-15,8193,8258,8193,8259,5387,0.008055657268399852
2020-01-16,8220,8267,8215,8268,1499,0.0010897203051216664
2020-01-17,8286,8286,8243,8254,105,-0.0016932752781809723
2020-01-20,8248,8272,8220,8236,2044,-0.0021807608432274916
2020-01-21,8243,8248,8202,8222,286,-0.001699854298202963
2020-01-22,8220,8272,8215,8273,238,0.006202870347847167
2020-01-23,8210,8230,8173,8198,265,-0.009065635198839628
2020-01-28,8014,8014,7912,7951,2603,-0.03012929982922663
2020-01-29,7953,7968,7889,7946,60,-0.0006288517167651886
2020-01-30,7930,7950,7790,7824,157,-0.015353637050088076
2020-01-31,7832,7847,7710,7721,7275,-0.013164621676891586
2020-02-03,7608,7669,7533,7666,304,-0.007123429607563736
2020-02-04,7678,7738,7678,7741,11025,0.009783459431254915
2020-02-05,7738,7772,7720,7763,6597,0.0028420100762176492
2020-02-06,7809,7925,7809,7928,68,0.02125466958650013
2020-02-07,7884,7888,7832,7867,163,-0.007694248234106915
2020-02-10,7795,7851,7767,7852,780,-0.0019066988686919917
2020-02-11,7925,7945,7893,7946,711,0.011971472236372849
2020-02-12,7953,7987,7920,7988,310,0.005285678328718957
2020-02-13,7958,7963,7907,7951,12656,-0.0046319479218828175
2020-02-14,7925,7973,7907,7941,203,-0.0012577034335303772
2020-02-17,7917,7925,7884,7928,3044,-0.0016370734164462553
2020-02-18,7889,7889,7827,7852,5568,-0.009586276488395606
2020-02-19,7865,7879,7785,7829,293,-0.00292919001528269
2020-02-20,7827,7827,7738,7741,807,-0.011240260569676863
2020-02-21,7669,7673,7566,7577,291,-0.02118589329543985
2020-02-24,7425,7425,7280,7287,3068,-0.03827372310941002
2020-02-25,7290,7384,7290,7385,27000,0.01344860710854956
2020-02-26,7304,7347,7267,7339,832,-0.006228842247799626
2020-02-27,7309,7364,7276,7301,1173,-0.005177817141299945
2020-02-28,7230,7230,7028,7067,1642,-0.03205040405423909
2020-03-02,7043,7122,6995,7123,1569,0.007924154521013138
2020-03-03,7234,7238,7137,7142,100,0.00266741541485338
2020-03-04,7132,7238,7132,7241,127,0.013861663399608037
2020-03-05,7290,7342,7290,7342,274,0.013948349675459104
2020-03-06,7248,7267,7164,7213,491,-0.017570144374829733
2020-03-09,7075,7075,6921,6983,2256,-0.031886870927491984
2020-03-10,6869,6925,6855,6927,8511,-0.008019475869969872
2020-03-11,6935,6940,6664,6726,2911,-0.029016890428756992
2020-03-12,6579,6579,6266,6352,531,-0.055605114481118045
2020-03-13,5758,5981,5561,5983,220,-0.058091939546599525
2020-03-16,6042,6042,5851,5862,1228,-0.02022396790907577
2020-03-17,5622,5851,5622,5806,5317,-0.00955305356533609
2020-03-18,5804,5804,5505,5506,138,-0.05167068549776088
2020-03-19,5513,5513,4832,4833,5880,-0.1222302942244824
2020-03-20,4920,5013,4803,5016,1041,0.0378646803227809
2020-03-23,4874,4948,4808,4861,952,-0.030901116427432207
2020-03-24,4944,5168,4944,5170,5260,0.06356716724953704
2020-03-25,5359,5556,5322,5557,15435,0.0748549323017409
2020-03-26,5612,5785,5612,5642,11771,0.01529602303401112
2020-03-27,5897,5912,5607,5758,2303,0.020560085076214207
2020-03-30,5654,5854,5627,5857,593,0.017193469954845497
2020-03-31,6000,6099,5972,6100,253,0.04148881680040972
2020-04-01,6099,6225,6010,6011,246,-0.014590163934426248
2020-04-02,5995,6127,5930,6127,502,0.01929795375145571
2020-04-03,6136,6149,6061,6142,87,0.0024481801860616326
2020-04-06,6285,6417,6285,6417,14455,0.044773689352002544
2020-04-07,6547,6640,6473,6642,172,0.035063113604488105
2020-04-08,6632,6743,6579,6666,226,0.0036133694670279493
2020-04-09,6776,6799,6725,6801,76,0.02025202520252023
2020-04-10,6804,6837,6697,6838,817,0.005440376415233095
2020-04-13,6827,6827,6701,6703,609,-0.019742614799649005
2020-04-14,6758,6785,6733,6778,146,0.011189019841861825
2020-04-16,6701,6771,6622,6773,1116,-0.0007376807317792666
2020-04-17,6874,6893,6859,6889,102,0.017126827107633247
2020-04-20,6888,6986,6888,6932,530,0.006241834809115998
2020-04-21,6893,6893,6692,6815,5259,-0.016878245816503212
2020-04-22,6730,6827,6654,6829,279,0.002054292002934721
2020-04-23,6859,6978,6832,6978,143,0.021818714306633513
2020-04-24,6930,7010,6902,6978,5753,0.0
2020-04-27,6968,7150,6968,7137,1667,0.022785898538263183
2020-04-28,7174,7222,7132,7222,251,0.011909766008126654
2020-04-29,7217,7350,7184,7350,75,0.017723622265300554
2020-05-04,7212,7260,7127,7171,1023,-0.024353741496598635
2020-05-06,7255,7278,7169,7279,1937,0.015060660995676933
2020-05-07,7260,7283,7250,7284,52,0.0006869075422448745
2020-05-08,7363,7388,7355,7388,214,0.014277869302580903
2020-05-11,7388,7449,7388,7431,1474,0.0058202490525176565
2020-05-12,7420,7420,7283,7332,425,-0.013322567622123582
2020-05-13,7231,7392,7231,7393,109,0.008319694489907326
2020-05-14,7325,7345,7283,7337,406,-0.007574732855403776
2020-05-15,7388,7411,7335,7412,556,0.010222161646449512
2020-05-18,7445,7473,7397,7473,1093,0.00822989746357261
2020-05-19,7581,7581,7548,7583,197,0.014719657433426958
2020-05-20,7534,7662,7534,7639,1853,0.00738493999736245
2020-05-21,7662,7686,7581,7682,274,0.005629009032595889
2020-05-22,7691,7696,7544,7568,2033,-0.01483988544649828
2020-05-25,7629,7638,7563,7639,895,0.009381606765327621
2020-05-26,7681,7781,7681,7781,423,0.018588820526246996
2020-05-27,7799,7827,7752,7824,785,0.005526281968898594
2020-05-28,7781,7781,7610,7711,1565,-0.01444274028629855
2020-05-29,7700,7752,7638,7677,105,-0.004409285436389521
2020-06-01,7676,7875,7676,7876,1163,0.025921583952064564
2020-06-02,7870,8017,7870,8018,76,0.01802945657694255
2020-06-03,8083,8121,8036,8075,249,0.007109004739336511
2020-06-04,8126,8126,7980,8013,342,-0.007678018575851375
2020-06-05,8060,8112,8008,8103,204,0.011231748408835562
2020-06-08,8193,8193,8075,8123,1218,0.002468221646303892
2020-06-09,8140,8211,8103,8175,92,0.006401575772497781
2020-06-10,8112,8198,8103,8198,1677,0.0028134556574923586
2020-06-11,8131,8211,8036,8108,85,-0.010978287387167551
2020-06-12,7752,7937,7752,7937,233,-0.02109028120374934
2020-06-15,7918,7918,7501,7502,11189,-0.05480660199067655
2020-06-16,7653,7927,7653,7929,433,0.05691815515862442
2020-06-17,7922,7993,7847,7962,225,0.004161937192584286
2020-06-18,8070,8103,7955,8032,400,0.008791760864104603
2020-06-19,8108,8108,7899,7952,834,-0.009960159362549792
2020-06-22,7937,7955,7870,7919,10704,-0.0041498993963782205
2020-06-23,7970,7970,7799,7924,123,0.0006313928526329171
2020-06-24,7998,7998,7922,7962,2292,0.0047955577990914655
2020-06-25,7832,7875,7790,7819,1159,-0.017960311479527702
2020-06-26,7865,7865,7757,7810,367,-0.001151042332779073
2020-06-29,7704,7724,7648,7677,299,-0.017029449423815568
2020-06-30,7762,7781,7696,7729,430,0.006773479223655121
2020-07-01,7729,7804,7714,7772,7381,0.005563462284901011
2020-07-02,7847,7847,7762,7824,45,0.006690684508491973
2020-07-03,7861,7865,7795,7867,538,0.005495910020449912
2020-07-06,7899,7989,7842,7990,2135,0.015634930723274376
2020-07-07,7984,8027,7927,7937,58,-0.0066332916145182
2020-07-08,7955,7984,7927,7985,952,0.006047625047246985
2020-07-09,8008,8075,8008,8032,2606,0.005886036318096366
2020-07-10,8017,8017,7932,7967,338,-0.008092629482071678
2020-07-13,8060,8145,8041,8146,181,0.022467679176603417
2020-07-14,8108,8131,8070,8132,97,-0.001718634912840633
2020-07-15,8160,8202,8093,8160,6086,0.0034431874077718305
2020-07-16,8150,8178,8083,8127,248,-0.004044117647058809
2020-07-17,8188,8188,8083,8127,2336,0.0
2020-07-20,8140,8211,8108,8213,6073,0.010582010582010692
2020-07-21,8321,8329,8254,8265,441,0.006331425788384193
2020-07-22,8306,8424,8306,8416,1872,0.01826981246219006
2020-07-23,8401,8434,8296,8435,120,0.002257604562737603
2020-07-24,8406,8529,8391,8392,5370,-0.005097806757557777
2020-07-27,8444,8482,8406,8439,1228,0.005600571973307877
2020-07-28,8429,8444,8368,8397,1141,-0.004976892996800597
2020-07-29,8368,8415,8296,8416,2170,0.002262712873645434
2020-07-30,8472,8472,8363,8378,25390,-0.004515209125475317
2020-07-31,8396,8396,8296,8316,51903,-0.007400334208641723
2020-08-03,8339,8339,8216,8293,5034,-0.002765752765752749
2020-08-04,8415,8614,8415,8615,456,0.03882792716749073
2020-08-05,8671,8751,8666,8715,1295,0.01160766105629718
2020-08-06,8695,8798,8666,8748,702,0.0037865748709122737
2020-08-07,8761,8770,8623,8695,3782,-0.006058527663465929
2020-08-10,8647,8908,8647,8908,2146,0.024496837262794724
2020-08-11,8974,9041,8609,9032,7298,0.013920071845532123
2020-08-12,9016,9049,8851,9046,6184,0.0015500442869795794
2020-08-13,9083,9083,8926,8999,2641,-0.005195666592969217
2020-08-14,9064,9092,8836,8966,1701,-0.003667074119346636
2020-08-18,8941,8941,8577,8605,2161,-0.040263216596029494
2020-08-19,8700,8756,8628,8757,971,0.017664148750726305
2020-08-20,8671,8747,8396,8444,2065,-0.035742834303985394
2020-08-21,8491,8543,8406,8525,164,0.009592610137375557
2020-08-24,8547,8609,8496,8610,3904,0.009970674486803555
2020-08-25,8695,8813,8695,8813,1319,0.02357723577235782
2020-08-26,8828,8828,8713,8795,2120,-0.002042437308521494
2020-08-27,8751,8751,8623,8687,1320,-0.012279704377487155
2020-08-28,8733,8780,8662,8728,4785,0.004719696097617021
2020-08-31,8818,8898,8803,8880,1193,0.01741521539871682
2020-09-01,8870,8926,8832,8928,6058,0.00540540540540535
2020-09-02,8913,8946,8851,8946,3749,0.002016129032258007
2020-09-03,9041,9087,9026,9074,74,0.014308070646098736
2020-09-04,8798,9069,8798,9069,2462,-0.0005510249063257477
2020-09-07,9102,9225,9102,9155,199,0.009482853677362346
2020-09-08,9211,9211,8998,9064,6688,-0.009939923539049711
2020-09-09,8903,8941,8851,8933,1364,-0.014452780229479267
2020-09-10,8969,8984,8936,8984,1287,0.005709168252546748
2020-09-11,8993,9021,8931,9023,919,0.004341050756901055
2020-09-14,9069,9144,9064,9146,1432,0.013631829768369741
2020-09-15,9102,9169,9064,9169,7104,0.00251476055106048
2020-09-16,9140,9159,9041,9084,9140,-0.0092703675428073
2020-09-17,9097,9097,8946,9003,464,-0.008916776750330202
2020-09-18,8974,9012,8926,9013,189,0.001110740864156412
2020-09-21,9007,9049,8841,8895,636,-0.01309220015533119
2020-09-22,8747,8808,8496,8549,12699,-0.03889825744800446
2020-09-23,8580,8580,8382,8572,43,0.002690373143057645
2020-09-24,8391,8391,8206,8226,421,-0.040363975734950985
2020-09-25,8287,8301,8206,8241,542,0.0018234865061999006
2020-09-28,8372,8382,8363,8383,248,0.017230918577842536
2020-09-29,8505,8543,8457,8544,908,0.019205535011332486
2020-10-05,8609,8704,8605,8705,423,0.018843632958801537
2020-10-06,8708,8718,8633,8700,3838,-0.0005743825387708457
2020-10-07,8628,8728,8628,8728,150,0.003218390804597737
2020-10-08,8808,8808,8751,8785,292,0.0065307057745187524
2020-10-12,8841,8841,8761,8828,251,0.004894706886738653
2020-10-13,8751,8761,8685,8748,871,-0.009062075215224286
2020-10-14,8775,8785,8723,8724,60,-0.002743484224965731
2020-10-15,8704,8704,8577,8629,645,-0.010889500229252613
2020-10-16,8647,8647,8444,8544,158,-0.009850504114034098
2020-10-19,8580,8642,8567,8592,201,0.00561797752808979
2020-10-20,8524,8572,8424,8562,886,-0.0034916201117318746
2020-10-21,8543,8718,8543,8719,183,0.018336837187572952
2020-10-22,8642,8704,8642,8705,5870,-0.0016056887257712704
2020-10-23,8718,8737,8657,8738,1268,0.0037909247558873815
2020-10-26,8708,8708,8515,8534,682,-0.023346303501945553
2020-10-27,8467,8510,8434,8459,82,-0.008788375908132195
2020-10-28,8439,8590,8439,8592,56,0.0157228986877882
2020-10-29,8406,8429,8339,8431,141,-0.018738361266294246
2020-10-30,8420,8424,8259,8293,157,-0.016368165104969745
2020-11-02,8326,8382,8316,8383,55,0.01085252622693833
2020-11-03,8524,8557,8500,8559,32,0.020994870571394486
2020-11-04,8619,8700,8605,8672,96,0.013202476924874418
2020-11-05,8737,8851,8733,8852,111,0.02075645756457556
2020-11-06,8870,8870,8737,8757,54,-0.010732037957523755
2020-11-09,8846,8931,8846,8928,57,0.019527235354573458
2020-11-10,8964,8988,8893,8989,1689,0.006832437275985592
2020-11-11,8964,9041,8926,9041,2348,0.005784848147736055
2020-11-12,9031,9031,8936,9018,1443,-0.0025439663754009967
2020-11-13,8951,8969,8898,8970,475,-0.005322687957418526
2020-11-16,9007,9130,9007,9131,607,0.017948717948717885
2020-11-17,9135,9169,9064,9169,29898,0.004161647136129654
2020-11-18,9244,9287,9159,9192,2162,0.002508452393936045
2020-11-19,9107,9121,9059,9122,782,-0.0076153176675369805
2020-11-20,9135,9334,9135,9312,8833,0.020828765621574208
2020-11-23,9310,9386,9230,9377,13122,0.006980240549828265
2020-11-24,9395,9410,9305,9402,3558,0.002666097899114872
2020-11-25,9428,9428,9187,9240,11873,-0.01723037651563497
2020-11-26,9230,9267,9172,9269,4034,0.003138528138528107
2020-11-27,9249,9272,9192,9274,518,0.0005394325169920666
2020-11-30,9315,9315,9220,9235,1745,-0.004205305154194483
2020-12-01,9315,9358,9287,9359,1905,0.013427179209529072
2020-12-02,9381,9423,9320,9425,2125,0.007052035473875451
2020-12-03,9438,9438,9343,9406,1354,-0.0020159151193633873
2020-12-04,9415,9453,9338,9410,1455,0.0004252604720391684
2020-12-07,9338,9386,9282,9387,1114,-0.0024442082890542283
2020-12-08,9362,9362,9197,9245,1854,-0.015127303717907714
2020-12-09,9305,9372,9296,9373,2650,0.01384532179556519
2020-12-10,9343,9453,9305,9406,796,0.003520751093566643
2020-12-11,9405,9585,9405,9586,1344,0.01913672124176058
2020-12-14,9576,9576,9476,9576,7301,-0.0010431879824744916
2020-12-15,9604,9604,9505,9571,2293,-0.0005221386800333683
2020-12-16,9580,9651,9580,9610,2136,0.004074809319820183
2020-12-17,9666,9666,9523,9614,1529,0.0004162330905306266
2020-12-18,9646,9713,9585,9714,53043,0.010401497815685445
2020-12-21,9746,9774,9637,9776,1573,0.006382540662960734
2020-12-22,9774,9774,9533,9563,3891,-0.02178805237315873
2020-12-23,9561,9618,9495,9543,4757,-0.002091393914043671
2020-12-24,9576,9651,9576,9653,74,0.011526773551294056
2020-12-28,9679,9679,9589,9648,2287,-0.0005179736869367346
2020-12-29,9679,9765,9679,9723,2873,0.007773631840795936
2020-12-30,9798,9917,9794,9917,2209,0.019952689499125764
2021-01-04,9955,9978,9779,9979,9071,0.006251890692749784
2021-01-05,9950,10181,9930,10183,3012,0.020442930153321992
2021-01-06,10238,10267,10106,10145,14415,-0.003731709712265552
2021-01-07,10248,10461,10229,10462,11280,0.031246919664859485
2021-01-08,10527,10542,10386,10448,18397,-0.0013381762569298905
2021-01-11,10565,10565,10073,10353,4319,-0.009092649310872947
2021-01-12,10296,10352,10106,10315,1222,-0.0036704336907176227
2021-01-13,10376,10424,10300,10410,17148,0.009209888511875874
2021-01-14,10442,10514,10362,10504,6442,0.009029779058597587
2021-01-15,10551,10551,10291,10353,7182,-0.014375476009139354
2021-01-18,10248,10258,10101,10107,128,-0.02376122862938279
2021-01-19,10234,10352,10181,10353,512,0.024339566636984333
2021-01-20,10319,10480,10258,10481,6708,0.012363566116101676
2021-01-21,10489,10693,10475,10694,27976,0.020322488312183973
2021-01-22,10731,10793,10627,10760,29209,0.006171685057041243
2021-01-25,10807,10840,10675,10841,5723,0.007527881040892304
2021-01-26,10854,10854,10675,10708,361,-0.012268240937182928
2021-01-27,10712,10760,10584,10647,466,-0.005696675382891314
2021-01-28,10371,10499,10366,10439,543,-0.019536019536019578
2021-01-29,10485,10485,9983,10069,1327,-0.035444008046747744
2021-02-01,10068,10352,10068,10353,405,0.028205382858277783
2021-02-02,10362,10570,10338,10406,2271,0.005119289094948298
2021-02-03,10547,10556,10404,10514,2511,0.010378627714779931
2021-02-04,10599,10599,10428,10524,2376,0.0009511128019783488
2021-02-05,10584,10603,10452,10585,1915,0.005796275180539823
2021-02-08,10580,10712,10499,10699,23051,0.010769957487009929
2021-02-09,10740,10740,10627,10628,152,-0.006636134218151235
2021-02-10,10551,10650,10522,10652,3973,0.0022581859239743096
2021-02-15,10675,10675,10575,10642,13152,-0.0009387908374014486
2021-02-16,10679,10698,10599,10699,882,0.005356136064649464
2021-02-17,10612,10675,10594,10661,4395,-0.003551733806897883
2021-02-18,10802,10802,10617,10619,3464,-0.003939592908732803
2021-02-19,10670,10670,10466,10632,24,0.0012242207364159263
2021-02-22,10693,10783,10612,10685,2289,0.004984951091045797
2021-02-23,10679,10683,10527,10685,40,0.0
2021-02-24,10665,10683,10281,10283,29708,-0.03762283575105285
2021-02-25,10447,10560,10381,10562,1975,0.027132159875522754
2021-02-26,10309,10452,10276,10453,627,-0.010320015148646111
2021-03-02,10565,10565,10399,10453,1457,0.0
2021-03-03,10442,10556,10442,10542,4477,0.008514302114225547
2021-03-04,10480,10547,10394,10519,1982,-0.002181749193701399
2021-03-05,10371,10471,10296,10472,53,-0.004468105333206629
2021-03-08,10456,10522,10333,10334,94018,-0.013177998472116093
2021-03-09,10371,10386,10173,10320,341,-0.0013547513063673078
2021-03-10,10343,10347,10215,10291,54,-0.0028100775193798944
2021-03-11,10314,10414,10309,10368,25,0.007482266057720288
2021-03-12,10461,10504,10386,10500,16164,0.0127314814814814
2021-03-15,10580,10608,10522,10609,1201,0.01038095238095238
2021-03-16,10612,10655,10608,10652,11383,0.004053162409275224
2021-03-17,10660,10665,10594,10665,6543,0.0012204280886218832
2021-03-18,10750,10750,10707,10727,44,0.005813408345053839
2021-03-19,10627,10679,10537,10670,1256,-0.0053136944159597466
2021-03-22,10726,10726,10627,10713,687,0.004029990627928859
2021-03-23,10712,10712,10580,10580,568,-0.012414823112106732
2021-03-24,10532,10570,10456,10552,42,-0.0026465028355388
2021-03-25,10509,10707,10509,10708,1493,0.014783927217589143
2021-03-26,10783,10835,10765,10831,57,0.011486738886813619
2021-03-29,10850,10916,10765,10883,6617,0.004801034068876442
2021-03-30,10935,10935,10826,10888,5873,0.00045943214187271764
2021-03-31,10896,10930,10883,10931,1144,0.003949301983835474
2021-04-01,10921,10930,10840,10908,1598,-0.002104107583935644
2021-04-02,10859,10859,10745,10827,1055,-0.007425742574257432
2021-04-05,10773,10906,10760,10908,387,0.007481296758104827
2021-04-06,10935,10935,10840,10898,4796,-0.000916758342500934
2021-04-07,10821,10939,10816,10941,3921,0.0039456781060744905
2021-04-08,10939,11006,10906,10983,11927,0.0038387715930903177
2021-04-09,11024,11062,10958,11064,9273,0.007375034143676684
2021-04-12,11006,11072,10973,11073,3178,0.0008134490238611569
2021-04-13,11072,11110,11039,11097,6247,0.00216743429964783
2021-04-14,11034,11082,11011,11083,22203,-0.0012616022348382883
2021-04-15,11062,11119,11044,11121,3474,0.0034286745466030055
2021-04-16,11105,11147,11082,11116,16504,-0.00044959985612802456
2021-04-19,11157,11162,11110,11163,29504,0.004228139618567939
2021-04-20,11167,11290,11129,11291,35844,0.01146645167069793
2021-04-21,11214,11229,11105,11201,1274,-0.007970950314409753
2021-04-22,11190,11295,11190,11295,288,0.008392107847513541
2021-04-23,11280,11318,11167,11319,7089,0.002124833997343867
2021-04-26,11318,11413,11318,11414,12734,0.008392967576640986
2021-04-27,11451,11470,11365,11471,4587,0.004993867180655309
2021-04-28,11493,11493,11323,11357,162,-0.009938104785982005
2021-04-29,11299,11434,11221,11396,1106,0.0034340054591881497
2021-04-30,11551,11551,11318,11377,25309,-0.001667251667251679
2021-05-03,11328,11391,11187,11188,206,-0.016612463742638695
2021-05-04,11177,11221,10969,11159,179,-0.002592062924562044
2021-05-06,11105,11429,11095,11430,433,0.024285330226722746
2021-05-07,11483,11575,11410,11575,20450,0.012685914260717412
2021-05-10,11604,11880,11589,11880,12812,0.026349892008639353
2021-05-11,11822,11967,11749,11968,258,0.007407407407407307
2021-05-12,12045,12045,11672,11851,287,-0.009776069518716568
2021-05-13,11575,11938,11541,11788,4667,-0.0053160070880095
2021-05-14,11822,11865,11769,11851,43,0.005344418052256605
2021-05-17,11875,11875,11628,11677,1640,-0.01468230529069281
2021-05-18,11628,11832,11628,11827,1796,0.012845765179412494
2021-05-20,11701,11725,11638,11725,450,-0.008624334150672208
2021-05-21,11735,11735,11517,11556,165,-0.014413646055437046
2021-05-24,11454,11555,11429,11556,73,0.0
2021-05-25,11546,11652,11531,11653,118,0.008393907926618205
2021-05-26,11614,11696,11584,11696,279,0.0036900369003689537
2021-05-27,11715,11788,11686,11769,55,0.006241450068399379
2021-05-28,11783,11841,11773,11803,20088,0.0028889455348797277
2021-05-31,11909,11928,11798,11900,1998,0.008218249597560012
2021-06-01,11962,11987,11885,11948,1007,0.004033613445378226
2021-06-02,11972,12074,11953,12026,3693,0.0065282892534315184
2021-06-03,12059,12064,11967,11982,186,-0.0036587393979710114
2021-06-04,11943,12011,11880,11943,10512,-0.003254882323485253
2021-06-07,11972,12050,11899,12050,1923,0.008959222975801762
2021-06-08,12050,12083,12001,12002,1932,-0.003983402489626586
2021-06-09,12040,12040,11919,11919,651,-0.006915514080986451
2021-06-10,11895,11895,11856,11890,60,-0.0024330900243308973
2021-06-11,11928,11928,11904,11919,217,0.0024390243902439046
2021-06-14,11870,11885,11827,11842,28242,-0.006460273512878589
2021-06-15,11841,11841,11798,11813,585,-0.002448910656983605
2021-06-16,11822,11943,11812,11929,23581,0.009819690171844586
2021-06-17,11836,11841,11773,11788,27,-0.011819934613127692
2021-06-18,11836,11841,11778,11832,90,0.0037326094333220983
2021-06-21,11759,11759,11609,11619,122,-0.018002028397565928
2021-06-22,11735,11778,11706,11774,39,0.01334021860745338
2021-06-23,11788,11788,11614,11633,116,-0.011975539323934137
2021-06-24,11584,11647,11546,11629,185,-0.00034384939396547853
2021-06-25,11706,11802,11691,11774,202,0.012468827930174564
2021-06-28,11773,11875,11720,11876,64,0.008663156106675673
2021-06-29,11793,11817,11793,11818,40,-0.0048837992590097246
2021-06-30,11822,11880,11822,11880,1092,0.005246234557454654
2021-07-01,11924,11924,11827,11837,83,-0.0036195286195286336
2021-07-02,11802,11899,11802,11876,138,0.0032947537382783665
2021-07-05,11875,11875,11807,11851,109,-0.0021050858875042433
2021-07-06,11769,11885,11769,11851,240,0.0
2021-07-07,11783,11783,11706,11730,23,-0.010210108851573696
2021-07-08,11793,11793,11614,11614,35,-0.009889173060528611
2021-07-09,11478,11478,11299,11381,56,-0.02006199414499743
2021-07-12,11444,11570,11444,11570,66,0.016606625076882597
2021-07-13,11584,11677,11584,11648,466,0.006741573033707926
2021-07-14,11604,11672,11565,11662,41,0.0012019230769231282
2021-07-15,11686,11807,11686,11808,75,0.012519293431658474
2021-07-16,11773,11812,11744,11803,24,-0.00042344173441732913
2021-07-19,11735,11735,11647,11662,55,-0.011946115394391277
2021-07-20,11521,11609,11488,11575,13117,-0.007460126907905984
2021-07-21,11609,11657,11575,11633,1108,0.005010799136069055
2021-07-22,11667,11730,11667,11730,89,0.00833834780366205
2021-07-23,11788,11865,11735,11866,433,0.011594202898550732
2021-07-26,11788,11861,11773,11793,309,-0.006152031012978232
2021-07-27,11890,11899,11793,11842,910,0.004155007207665484
2021-07-28,11914,11953,11798,11837,427,-0.00042222597534202766
2021-07-29,11924,11991,11899,11992,1469,0.013094534088029075
2021-07-30,11987,12016,11919,11973,19067,-0.0015843895930620633
2021-08-02,11972,11972,11749,11793,896,-0.015033826108744708
2021-08-03,11817,11817,11662,11750,128,-0.003646230814890239
2021-08-04,11764,11943,11754,11943,114,0.0164255319148936
2021-08-05,11919,11953,11856,11943,413,0.0
2021-08-06,12040,12040,11909,11934,1169,-0.0007535795026375469
2021-08-09,11967,11967,11788,11832,375,-0.008547008547008517
2021-08-10,11720,11807,11681,11798,587,-0.002873563218390829
2021-08-11,11836,11836,11677,11721,4399,-0.00652652992032543
2021-08-12,11846,11846,11710,11750,2670,0.0024741916218753435
2021-08-13,11662,11667,11454,11585,552,-0.014042553191489393
2021-08-17,11720,11720,11342,11377,1265,-0.017954251186879544
2021-08-18,11395,11454,11318,11444,46,0.00588907444844855
2021-08-19,11400,11400,11022,11067,1804,-0.03294302691366657
2021-08-20,11022,11095,10751,10805,175,-0.023673985723321578
2021-08-23,10809,11110,10809,11062,105,0.02378528459046736
2021-08-24,11197,11444,11197,11440,2095,0.034171035979027264
2021-08-25,11551,11555,11444,11546,157,0.009265734265734293
2021-08-26,11458,11604,11458,11561,75,0.001299151221202166
2021-08-27,11434,11662,11434,11609,23,0.004151889974915557
2021-08-30,11691,11730,11614,11701,62,0.007924885864415643
2021-08-31,11798,11822,11657,11818,38,0.009999145372190377
2021-09-01,11807,11958,11807,11948,1158,0.01100016923337277
2021-09-02,11948,12035,11909,12036,159,0.007365249414127861
2021-09-03,12122,12122,12006,12006,21,-0.002492522432701927
2021-09-06,11933,12151,11933,12152,849,0.012160586373479942
2021-09-07,12064,12185,12064,12186,5191,0.0027978933508887582
2021-09-08,12127,12287,12127,12205,2346,0.0015591662563596564
2021-09-09,12074,12171,12054,12069,30,-0.011142974190905375
2021-09-10,12205,12224,12132,12225,252,0.012925677355207554
2021-09-13,12156,12243,12127,12244,105,0.0015541922290389643
2021-09-14,12214,12306,12200,12263,4663,0.0015517804639006982
2021-09-15,12248,12379,12239,12317,142,0.004403490173693125
2021-09-16,12302,12360,12258,12292,56,-0.0020297150280100817
2021-09-17,12369,12369,12258,12312,318,0.0016270745200130943
2021-09-23,12079,12209,12035,12181,156,-0.01064002599090319
2021-09-24,12108,12239,12093,12132,179,-0.0040226582382398846
2021-09-27,12069,12185,12069,12186,190,0.004451038575667754
2021-09-28,12088,12171,12088,12103,82,-0.006811094698834674
2021-09-29,11904,11972,11832,11958,58,-0.011980500702305164
2021-09-30,11933,12001,11895,11982,1911,0.002007024586051287
2021-10-01,11817,11914,11759,11759,28,-0.01861125020864629
2021-10-05,11778,11880,11589,11842,1229,0.007058423335317698
2021-10-06,11987,11987,11584,11590,46,-0.02128018915723695
2021-10-07,11778,11778,11662,11779,29,0.016307161345987975
2021-10-08,11715,11749,11701,11721,21,-0.004924017318957419
2021-10-12,11701,11739,11633,11740,60,0.0016210220970906963
2021-10-13,11691,11798,11691,11788,21,0.00408858603066431
2021-10-14,11972,11996,11919,11997,116,0.017729894808279578
2021-10-15,12103,12103,11977,12055,408,0.004834541968825601
2021-10-18,12108,12108,11943,12079,135,0.0019908751555370863
2021-10-19,12069,12151,12021,12040,28,-0.003228744101332892
2021-10-20,12132,12132,12006,12094,61,0.004485049833887089
2021-10-21,12103,12156,12035,12084,2448,-0.0008268562923763323
2021-10-22,12166,12176,12035,12045,60,-0.003227408142999044
2021-10-25,12093,12098,11972,12099,180,0.004483188044831943
2021-10-26,12025,12146,12025,12137,66,0.003140755434333453
2021-10-27,12025,12059,11991,12011,27,-0.01038147812474255
2021-10-28,11943,12021,11827,11827,28,-0.015319290650237294
2021-10-29,11972,11972,11720,11750,3208,-0.006510526760801549
2021-11-01,11725,11749,11652,11706,109,-0.0037446808510638308
2021-11-02,11812,11851,11773,11847,37,0.012045105074320883
2021-11-03,11958,11958,11793,11861,21,0.0011817337722630494
2021-11-04,11996,12021,11817,11837,74,-0.0020234381586712313
2021-11-05,11933,11933,11580,11677,568,-0.013516938413449364
2021-11-08,11773,11773,11633,11774,33,0.00830692814935352
2021-11-09,11812,11812,11667,11687,28,-0.007389162561576401
2021-11-10,11555,11575,11400,11464,36,-0.019081030204500693
2021-11-11,11434,11434,11284,11309,144,-0.01352058618283325
2021-11-12,11323,11507,11308,11488,139,0.015828101512070036
2021-11-15,11425,11570,11425,11570,101,0.007137883008356605
2021-11-16,11391,11483,11391,11464,23,-0.009161624891961928
2021-11-17,11429,11429,11255,11294,173,-0.014829030006978328
2021-11-18,11177,11245,11168,11207,25,-0.0077032052417213
2021-11-19,11110,11240,11110,11188,32,-0.001695368965824895
2021-11-22,11289,11289,11163,11231,102,0.0038434036467644983
2021-11-23,11250,11279,11153,11212,39,-0.0016917460600124334
2021-11-24,11187,11255,11187,11255,21,0.0038351765965036755
2021-11-25,11153,11153,11095,11154,173,-0.008973789426921397
2021-11-26,11051,11095,10872,10945,59,-0.018737672583826415
2021-11-29,10533,10727,10533,10650,26,-0.026952946550936496
2021-11-30,10848,10848,10334,10369,99,-0.026384976525821613
2021-12-01,10320,10572,10320,10572,67,0.01957758703828727
2021-12-02,10349,10746,10349,10737,23,0.01560726447219074
2021-12-03,10732,10964,10732,10955,25,0.020303622985936576
2021-12-06,10853,11042,10824,11042,173,0.007941579187585646
2021-12-07,10974,11056,10974,11052,511,0.0009056330374932475
2021-12-08,11124,11144,10979,10989,702,-0.005700325732899025
2021-12-09,11027,11139,11027,11100,40,0.010101010101010166
2021-12-10,11022,11090,11022,11067,47,-0.0029729729729729426
2021-12-13,11042,11124,10998,11057,67,-0.0009035872413482027
2021-12-14,10901,10993,10901,10931,22,-0.011395496065840671
2021-12-15,10896,11013,10896,10974,76,0.003933766352575141
2021-12-16,10930,10988,10930,10989,23,0.0013668671405140387
2021-12-17,11018,11081,11018,11081,70,0.008372008372008466
2021-12-20,11114,11114,10838,10839,46,-0.02183918418915265
2021-12-21,10896,10896,10790,10868,65,0.0026755235722852877
2021-12-22,10916,10916,10867,10897,37,0.0026683842473316233
2021-12-23,11003,11003,10892,10926,40,0.0026612829219050393
2021-12-24,11037,11037,10916,10950,24,0.0021965952773201902
2021-12-27,11037,11037,10916,10926,203,-0.0021917808219178436
2021-12-28,11013,11013,10853,11004,23,0.007138934651290452
2021-12-29,11221,11221,11047,11139,264,0.012268266085059931
2021-12-30,11124,11124,11085,11105,57,-0.00305233863003862
2022-01-03,11187,11187,11022,11100,961,-0.0004502476361999408
2022-01-04,11168,11187,11071,11188,59,0.007927927927927847
2022-01-05,11231,11231,11134,11178,37,-0.000893814801573134
2022-01-06,11129,11173,11076,11105,413,-0.006530685274646619
2022-01-07,11211,11211,11042,11207,1240,0.00918505177847817
2022-01-10,11270,11270,11163,11202,29,-0.0004461497278486215
2022-01-11,11265,11265,11081,11081,21,-0.010801642563827873
2022-01-12,11187,11207,11148,11207,57,0.01137081490840175
2022-01-13,11308,11308,11245,11304,21,0.008655304720264212
2022-01-14,11294,11294,11110,11129,52,-0.015481245576786984
2022-01-17,11095,11095,10950,10970,164,-0.014286997933327328
2022-01-18,11027,11027,10785,10785,41,-0.016864175022789474
2022-01-19,10766,10901,10766,10810,21,0.0023180343069078013
2022-01-20,10887,10887,10809,10887,52,0.007123034227566993
2022-01-21,10882,10882,10741,10766,51,-0.011114172866721783
2022-01-24,10785,10785,10548,10553,49,-0.019784506780605615
2022-01-25,10640,10640,10262,10296,161,-0.02435326447455699
2022-01-26,10320,10363,10271,10272,64,-0.002331002331002363
2022-01-27,10344,10344,9913,9971,35,-0.02930295950155759
2022-01-28,10034,10291,9927,10291,24,0.032093069902717986
2022-02-03,10480,10606,10431,10509,405,0.021183558449130224
2022-02-04,10538,10722,10509,10722,63,0.02026834142163869
2022-02-07,10800,10800,10659,10756,21,0.0031710501772057587
2022-02-08,10819,10843,10611,10698,334,-0.00539233915953885
2022-02-09,10829,10872,10751,10873,31,0.016358197793980178
2022-02-10,10896,10896,10858,10882,29,0.0008277384346546679
2022-02-11,10867,10867,10707,10713,31,-0.015530233412975547
2022-02-14,10625,10625,10499,10567,130,-0.01362830206291421
2022-02-15,10615,10615,10363,10403,129,-0.01552001514147816
2022-02-16,10567,10567,10499,10558,24,0.014899548207247815
2022-02-17,10659,10737,10543,10635,43,0.00729304792574359
2022-02-18,10625,10703,10581,10703,22,0.006393982134461629
2022-02-21,10698,10707,10591,10708,67,0.00046715874054004125
2022-02-22,10674,10674,10533,10563,56,-0.013541277549495745
2022-02-23,10669,10678,10611,10664,30,0.009561677553725278
2022-02-24,10669,10669,10431,10500,34,-0.015378844711177786
2022-02-25,10649,10649,10548,10577,152,0.007333333333333414
2022-02-28,10664,10727,10591,10727,91,0.01418171504207244
2022-03-02,10766,10766,10703,10732,32,0.0004661135452597165
2022-03-03,10863,10872,10727,10868,46,0.01267238166231821
2022-03-04,10930,10930,10761,10882,82,0.0012881854987119024
2022-03-07,10906,10906,10630,10669,21,-0.019573607792685133
2022-03-08,10654,10654,10460,10480,31,-0.01771487487112189
2022-03-10,10625,10703,10625,10679,42,0.018988549618320638
2022-03-11,10795,10872,10746,10873,14,0.018166494990167648
2022-03-14,10964,10964,10703,10752,53,-0.011128483399245881
2022-03-15,10678,10756,10664,10664,75,-0.008184523809523836
2022-03-16,10800,10800,10683,10800,41,0.01275318829707417
2022-03-17,10955,10955,10833,10834,29,0.003148148148148122
2022-03-18,10916,10916,10829,10907,11,0.006738046889422256
2022-03-21,11008,11008,10882,10926,56,0.001742000550105427
2022-03-22,10988,11032,10955,11033,67,0.009793153944718913
2022-03-23,11148,11148,10998,11062,1075,0.0026284782017582664
2022-03-24,11119,11139,10993,11139,40,0.006960766588320455
2022-03-25,11250,11250,11085,11115,146,-0.002154591974144915
2022-03-28,11207,11207,11051,11144,293,0.002609086819613138
2022-03-29,11202,11202,11095,11115,101,-0.0026022972002871514
2022-03-30,11158,11158,11100,11110,58,-0.00044984255510571725
2022-03-31,11119,11187,11119,11188,21,0.007020702070207108
2022-04-01,11245,11245,11129,11217,68,0.002592062924561933
2022-04-04,11240,11299,11240,11289,51,0.006418828563787171
2022-04-05,11289,11318,11240,11318,204,0.0025688723536185787
2022-04-06,11342,11342,11231,11299,247,-0.0016787418271779764
2022-04-07,11318,11318,11168,11212,89,-0.007699796442163009
2022-04-08,11250,11250,11081,11188,58,-0.002140563681769514
2022-04-11,11250,11265,11197,11255,75,0.005988559170539753
2022-04-12,11260,11260,11110,11188,46,-0.005952909817858676
2022-04-13,11216,11274,11207,11275,21,0.007776188773686021
2022-04-14,11265,11366,11265,11362,175,0.007716186252771706
2022-04-15,11405,11405,11308,11367,67,0.0004400633691250544
2022-04-18,11454,11454,11381,11420,42,0.004662619864520101
2022-04-19,11526,11526,11444,11522,21,0.00893169877408062
2022-04-20,11614,11614,11488,11556,38,0.002950876583926343
2022-04-21,11643,11643,11565,11595,46,0.003374870197300206
2022-04-22,11614,11614,11492,11585,55,-0.0008624407072014284
2022-04-25,11546,11546,11352,11377,128,-0.017954251186879544
2022-04-26,11381,11381,11303,11362,65,-0.0013184495033840005
2022-04-27,11236,11270,11119,11270,58,-0.0080971659919028
2022-04-28,11370,11395,11250,11395,48,0.011091393078970668
2022-04-29,11465,11465,11325,11395,1966,0.0
2022-05-02,11400,11495,11340,11495,102,0.008775778850373062
2022-05-03,11540,11540,11440,11450,20,-0.00391474554153981
2022-05-04,11540,11540,11390,11400,188,-0.004366812227074246
2022-05-06,11310,11365,11300,11365,1159,-0.0030701754385964453
2022-05-09,11425,11425,11110,11135,292,-0.020237571491421025
2022-05-10,11080,11080,10825,11065,29,-0.006286484059272568
2022-05-11,11125,11125,11010,11035,31,-0.002711251694532346
2022-05-12,11000,11065,10875,10920,39,-0.0104213864975079
2022-05-13,10985,11065,10985,11065,20,0.013278388278388231
2022-05-16,11040,11065,11030,11065,56,0.0
2022-05-17,10975,11070,10975,11030,48,-0.0031631269769543113
2022-05-18,11035,11085,10985,10995,664,-0.0031731640979147935
2022-05-19,10740,10840,10740,10805,133,-0.01728058208276484
2022-05-20,10780,10940,10780,10940,67,0.012494215640906914
2022-05-23,10940,10965,10870,10965,2818,0.0022851919561244216
2022-05-24,10855,10935,10825,10835,20,-0.011855905152758806
2022-05-25,10825,11050,10825,11015,639,0.016612828795570023
2022-05-26,11015,11035,10935,10985,434,-0.002723558783477076
2022-05-27,11050,11120,11050,11080,21,0.008648156577150568
2022-05-30,11115,11240,11115,11240,2788,0.014440433212996373
2022-05-31,11160,11265,11160,11250,174,0.000889679715302405
2022-06-02,11180,11205,11165,11175,21,-0.00666666666666671
2022-06-03,11180,11295,11180,11255,572,0.007158836689038051
2022-06-07,11235,11260,11170,11215,173,-0.0035539760106618745
2022-06-08,11200,11260,11190,11200,113,-0.0013374944271065115
2022-06-09,11130,11175,11080,11120,1034,-0.0071428571428571175
2022-06-10,11095,11145,11095,11105,1823,-0.0013489208633093996
2022-06-13,10890,10895,10745,10745,77,-0.03241782980639352
2022-06-14,10515,10615,10475,10615,46,-0.012098650535132593
2022-06-15,10615,10615,10410,10490,351,-0.011775788977861468
2022-06-16,10570,10645,10430,10430,76,-0.0057197330791229906
2022-06-17,10175,10375,10175,10330,928,-0.009587727708533111
2022-06-20,10385,10385,10015,10080,20,-0.024201355275895398
2022-06-21,10075,10270,10065,10220,2516,0.01388888888888884
2022-06-22,10225,10245,9865,9865,470,-0.03473581213307242
2022-06-23,9830,9960,9650,9650,83,-0.021794221996958907
2022-06-24,9590,9970,9590,9955,26,0.031606217616580334
2022-06-27,9960,10145,9935,10140,66,0.01858362631843291
2022-06-28,10095,10210,10095,10210,21,0.006903353057199135
2022-06-29,10040,10210,10040,10200,615,-0.0009794319294809117
2022-06-30,10155,10205,10105,10125,795,-0.007352941176470562
2022-07-01,10255,10255,10050,10110,21,-0.001481481481481528
2022-07-04,10105,10105,9850,10010,163,-0.009891196834816984
2022-07-05,9960,10130,9960,10130,22,0.011988011988012026
2022-07-06,10035,10035,9825,9825,101,-0.030108588351431376
2022-07-07,9950,9950,9865,9930,30,0.010687022900763399
2022-07-08,10050,10060,9975,9980,21,0.0050352467270895485
2022-07-11,9905,9940,9820,9820,21,-0.01603206412825653
2022-07-12,9765,9765,9585,9625,272,-0.01985743380855398
2022-07-13,9755,9785,9655,9785,30,0.01662337662337654
2022-07-14,9830,9865,9750,9815,23,0.0030659172202349705
2022-07-15,9900,9900,9600,9690,1607,-0.012735608762098782
2022-07-18,9820,9885,9770,9885,30,0.020123839009287936
2022-07-19,9870,9950,9870,9950,20,0.006575619625695417
2022-07-20,10115,10115,9970,10010,21,0.0060301507537687815
2022-07-21,10080,10080,10000,10025,60982,0.0014985014985013922
2022-07-22,10020,10085,9995,10015,51,-0.0009975062344139696
2022-07-25,10000,10080,10000,10075,29,0.0059910134797802606
2022-07-26,10090,10115,10070,10105,29,0.0029776674937964653
2022-07-27,10130,10145,10035,10130,662,0.002474022761009387
2022-07-28,10280,10280,10115,10155,155,0.0024679170779862147
2022-07-29,10205,10285,10205,10285,21,0.012801575578532676
2022-08-01,10320,10330,10255,10290,317,0.000486144871171712
2022-08-02,10235,10270,10185,10220,27,-0.006802721088435382
2022-08-03,10215,10295,10185,10295,23,0.007338551859099818
2022-08-04,10360,10360,10310,10335,67,0.0038853812530355025
2022-08-05,10385,10435,10365,10415,20,0.007740686985969969
2022-08-08,10415,10445,10355,10445,28,0.002880460873739832
2022-08-09,10520,10520,10410,10475,51,0.002872187649593183
2022-08-10,10450,10480,10415,10415,23,-0.005727923627684928
2022-08-11,10495,10565,10495,10565,76,0.014402304368698937
2022-08-12,10580,10650,10580,10630,32,0.006152389966871841
2022-08-16,10640,10690,10615,10640,143,0.0009407337723423836
2022-08-17,10705,10705,10520,10555,490,-0.007988721804511267
2022-08-18,10510,10570,10465,10555,22,0.0
2022-08-19,10575,10585,10545,10545,21,-0.000947418285172863
2022-08-22,10475,10485,10410,10425,43,-0.011379800853485111
