Date,Open,High,Low,Close,Volume,Change
2019-09-05,10155,10260,10155,10215,5100,
2019-09-06,10285,10285,10210,10220,131,0.0004894762604013003
2019-09-09,10235,10300,10200,10215,202,-0.0004892367906066397
2019-09-10,10250,10295,10205,10260,145,0.004405286343612369
2019-09-11,10360,10370,10330,10370,179,0.01072124756335291
2019-09-16,10415,10445,10345,10425,199,0.005303760848601735
2019-09-17,10460,10485,10435,10480,5036,0.005275779376498813
2019-09-18,10505,10550,10470,10535,240,0.005248091603053506
2019-09-19,10555,10630,10540,10590,16529,0.0052206929283340475
2019-09-20,10575,10645,10555,10600,11381,0.0009442870632672129
2019-09-23,10595,10640,10580,10600,104,0.0
2019-09-24,10620,10660,10590,10660,127,0.005660377358490676
2019-09-25,10595,10645,10440,10445,105,-0.02016885553470915
2019-09-26,10520,10570,10420,10485,110,0.0038295835327908367
2019-09-27,10405,10465,10365,10380,112,-0.010014306151645225
2019-09-30,10390,10455,10320,10450,12061,0.00674373795761074
2019-10-01,10440,10495,10395,10465,26701,0.0014354066985646785
2019-10-02,10410,10410,10300,10320,11518,-0.013855709507883396
2019-10-04,10315,10325,10240,10240,136,-0.007751937984496138
2019-10-07,10230,10265,10145,10170,238,-0.0068359375
2019-10-08,10150,10275,10110,10275,135,0.010324483775811188
2019-10-10,10225,10270,10170,10220,111,-0.005352798053527952
2019-10-11,10300,10310,10245,10275,111,0.005381604696673259
2019-10-14,10390,10455,10370,10440,161,0.016058394160583855
2019-10-15,10405,10490,10405,10475,120,0.0033524904214559115
2019-10-16,10545,10560,10490,10555,118,0.007637231503579978
2019-10-17,10565,10565,10470,10485,128,-0.006631927996210374
2019-10-18,10475,10555,10415,10460,107,-0.002384358607534609
2019-10-21,10535,10535,10450,10475,151,0.001434034416825991
2019-10-22,10545,10580,10545,10570,148,0.009069212410501182
2019-10-23,10540,10540,10460,10470,143,-0.009460737937559083
2019-10-24,10525,10525,10415,10460,120,-0.0009551098376313627
2019-10-25,10530,10530,10435,10500,125,0.003824091778202643
2019-10-28,10535,10570,10520,10545,94,0.004285714285714226
2019-10-29,10605,10605,10495,10510,182,-0.0033191085822664723
2019-10-30,10500,10535,10425,10435,203,-0.007136060894386342
2019-10-31,10520,10570,10505,10540,228,0.010062290368950677
2019-11-01,10495,10550,10470,10525,59,-0.0014231499051233776
2019-11-04,10595,10705,10595,10705,257,0.017102137767220915
2019-11-05,10755,10780,10735,10780,78,0.007006071929005042
2019-11-06,10800,10855,10800,10840,93,0.005565862708719838
2019-11-07,10785,10810,10755,10810,181311,-0.002767527675276771
2019-11-08,10835,10855,10770,10775,55376,-0.00323774283071232
2019-11-11,10835,10835,10695,10755,27281,-0.001856148491879317
2019-11-12,10760,10830,10730,10820,1214,0.006043700604370095
2019-11-13,10835,10835,10740,10790,118,-0.0027726432532347856
2019-11-14,10790,10810,10750,10785,55,-0.0004633920296570615
2019-11-15,10785,10890,10765,10890,53,0.009735744089012455
2019-11-18,10890,10890,10810,10845,51209,-0.004132231404958664
2019-11-19,10795,10830,10725,10830,285,-0.0013831258644536604
2019-11-20,10790,10790,10600,10600,47601,-0.02123730378578026
2019-11-21,10640,10640,10425,10460,93,-0.013207547169811318
2019-11-22,10470,10525,10450,10495,78,0.0033460803059273125
2019-11-25,10550,10610,10545,10600,146,0.010004764173416003
2019-11-26,10665,10720,10640,10675,31006,0.007075471698113178
2019-11-27,10705,10735,10620,10655,64,-0.0018735362997658322
2019-11-28,10650,10675,10610,10620,86,-0.003284842796808962
2019-11-29,10635,10660,10480,10515,23740,-0.009887005649717562
2019-12-02,10545,10560,10485,10485,304,-0.0028530670470755526
2019-12-03,10375,10445,10360,10420,203,-0.006199332379589917
2019-12-04,10345,10380,10280,10325,106,-0.009117082533589227
2019-12-05,10395,10395,10265,10300,144,-0.002421307506053294
2019-12-06,10380,10455,10380,10450,74,0.014563106796116498
2019-12-09,10455,10470,10405,10420,100,-0.002870813397129135
2019-12-10,10410,10510,10405,10485,148,0.006238003838771489
2019-12-11,10530,10575,10475,10540,22689,0.005245588936576118
2019-12-12,10640,10700,10640,10700,97,0.015180265654648917
2019-12-13,10845,10865,10820,10850,64,0.014018691588784993
2019-12-16,10855,10880,10825,10845,50115,-0.0004608294930875667
2019-12-17,10915,11000,10905,11000,5549,0.01429230059935449
2019-12-18,10970,11005,10950,10950,64,-0.004545454545454519
2019-12-19,11005,11005,10935,10955,44,0.0004566210045662267
2019-12-20,11025,11025,10965,11000,19074,0.004107713372889066
2019-12-23,11000,11000,10920,10960,96,-0.0036363636363636598
2019-12-24,11000,11000,10895,10900,30313,-0.005474452554744547
2019-12-26,10890,10965,10890,10965,27,0.00596330275229362
2019-12-27,11035,11205,11035,11185,32,0.02006383948928403
2019-12-30,11185,11210,11180,11205,296,0.0017881090746536543
2020-01-02,11165,11165,11085,11120,94,-0.007585899152164233
2020-01-03,11225,11240,11070,11145,18553,0.0022482014388489624
2020-01-06,11015,11035,10915,10985,236,-0.014356213548676555
2020-01-07,11040,11100,11035,11075,63633,0.008192990441511228
2020-01-08,10970,10970,10820,10855,200,-0.01986455981941304
2020-01-09,11055,11135,11035,11135,189330,0.02579456471672037
2020-01-10,11145,11260,11140,11260,144,0.011225864391558149
2020-01-13,11330,11385,11315,11385,17973,0.011101243339253886
2020-01-14,11440,11465,11355,11380,13433,-0.0004391743522178526
2020-01-15,11345,11430,11345,11395,25167,0.0013181019332162425
2020-01-16,11435,11480,11415,11480,48542,0.00745941202281708
2020-01-17,11585,11585,11510,11530,28,0.00435540069686402
2020-01-20,11545,11595,11485,11495,11901,-0.0030355594102341454
2020-01-21,11525,11525,11405,11415,29,-0.006959547629404095
2020-01-22,11445,11560,11435,11560,15,0.012702584318878607
2020-01-23,11425,11460,11380,11415,257,-0.012543252595155763
2020-01-28,11045,11050,10935,11000,13585,-0.036355672360928626
2020-01-29,11035,11080,11000,11000,30292,0.0
2020-01-30,10810,10810,10750,10780,5879,-0.020000000000000018
2020-01-31,10805,10860,10620,10620,4658,-0.014842300556586308
2020-02-03,10405,10625,10360,10605,4100,-0.0014124293785310327
2020-02-04,10705,10865,10705,10865,13876,0.024516737388024623
2020-02-05,10920,10945,10865,10910,14096,0.004141739530602928
2020-02-06,11005,11195,11005,11195,72,0.026122823098075232
2020-02-07,11190,11190,11065,11120,77,-0.006699419383653371
2020-02-10,10975,11070,10955,11070,154,-0.004496402877697814
2020-02-11,11090,11160,11090,11120,56,0.004516711833784992
2020-02-12,11180,11235,11090,11230,11212,0.009892086330935301
2020-02-13,11240,11265,11150,11200,328,-0.00267141585040076
2020-02-14,11190,11250,11165,11240,24,0.0035714285714285587
2020-02-17,11225,11250,11185,11230,1360,-0.000889679715302516
2020-02-18,11150,11165,11010,11035,3196,-0.017364203027604663
2020-02-19,11065,11080,10915,11000,90,-0.003171726325328472
2020-02-20,11070,11090,10875,10930,8442,-0.006363636363636349
2020-02-21,10830,10855,10710,10725,90992,-0.018755718206770355
2020-02-24,10480,10480,10285,10285,81,-0.04102564102564099
2020-02-25,10275,10460,10255,10460,40068,0.017015070491006368
2020-02-26,10250,10390,10215,10335,64,-0.01195028680688337
2020-02-27,10330,10410,10205,10210,62,-0.012094823415578104
2020-02-28,10035,10075,9825,9880,10801,-0.032321253672869754
2020-03-02,9920,10015,9765,9985,7573,0.010627530364372362
2020-03-03,10220,10225,10075,10075,709,0.009013520280420684
2020-03-04,10035,10285,10035,10270,93,0.019354838709677358
2020-03-05,10380,10445,10320,10425,62,0.015092502434274513
2020-03-06,10285,10325,10145,10225,7966,-0.01918465227817745
2020-03-09,9950,9950,9765,9785,89,-0.04303178484107584
2020-03-10,9680,9785,9650,9785,129398,0.0
2020-03-11,9820,9820,9395,9460,9850,-0.03321410321921303
2020-03-12,9340,9340,8885,8975,109,-0.05126849894291752
2020-03-13,8370,8700,8075,8555,75,-0.04679665738161565
2020-03-16,8720,8730,8345,8345,80,-0.02454704850964351
2020-03-17,7975,8415,7975,8225,15069,-0.014379868184541622
2020-03-18,8320,8330,7805,7805,80,-0.051063829787234005
2020-03-19,7955,7955,6920,6970,29110,-0.1069827033952595
2020-03-20,7240,7580,7025,7580,14405,0.08751793400286934
2020-03-23,7110,7285,7055,7100,122880,-0.0633245382585752
2020-03-24,7335,7600,7305,7600,42,0.07042253521126751
2020-03-25,7945,8135,7880,8135,70,0.07039473684210518
2020-03-26,8140,8410,8115,8200,5222,0.007990165949600447
2020-03-27,8575,8575,8025,8370,4653,0.02073170731707319
2020-03-30,8175,8525,8175,8515,70,0.01732377538829155
2020-03-31,8675,8770,8580,8740,1116,0.026423957721667612
2020-04-01,8685,8855,8490,8520,545,-0.02517162471395884
2020-04-02,8610,8665,8410,8665,96519,0.017018779342723
2020-04-03,8715,8750,8580,8710,67333,0.00519330640507798
2020-04-06,8840,9070,8840,9070,34,0.04133180252583246
2020-04-07,9275,9305,9075,9305,615,0.025909592061742037
2020-04-08,9240,9380,9180,9245,126369,-0.006448146157979617
2020-04-09,9415,9420,9340,9415,50,0.01838831800973506
2020-04-10,9440,9495,9305,9495,43,0.00849707912904929
2020-04-13,9465,9465,9300,9300,54,-0.020537124802527673
2020-04-14,9400,9505,9365,9480,57,0.019354838709677358
2020-04-16,9410,9525,9345,9525,50,0.004746835443038
2020-04-17,9715,9880,9715,9850,52,0.034120734908136496
2020-04-20,9865,9935,9765,9785,50,-0.006598984771573613
2020-04-21,9715,9780,9400,9655,50,-0.01328564128768528
2020-04-22,9555,9740,9485,9740,51,0.008803728638011377
2020-04-23,9795,9860,9745,9845,143441,0.010780287474332573
2020-04-24,9815,9850,9725,9745,58,-0.01015744032503807
2020-04-27,9745,9955,9740,9955,1027,0.021549512570548934
2020-04-28,10010,10030,9925,10005,50,0.0050226017076846485
2020-04-29,10035,10070,10015,10060,351,0.005497251374312784
2020-05-04,9850,9960,9840,9840,15048,-0.021868787276341894
2020-05-06,9970,9990,9835,9990,423,0.015243902439024293
2020-05-07,9970,10050,9970,10035,48,0.0045045045045044585
2020-05-08,10125,10155,10100,10115,542,0.007972097658196287
2020-05-11,10125,10125,10045,10080,48,-0.0034602076124568004
2020-05-12,10045,10045,9860,9935,80147,-0.014384920634920584
2020-05-13,9840,10030,9840,10030,64,0.009562154001006462
2020-05-14,9925,9985,9910,9975,45,-0.0054835493519441725
2020-05-15,10030,10030,9960,9990,43,0.0015037593984963404
2020-05-18,9995,10070,9985,10050,50,0.006006006006006093
2020-05-19,10240,10240,10150,10215,153,0.016417910447761086
2020-05-20,10150,10280,10150,10280,419,0.006363191385217792
2020-05-21,10350,10355,10310,10330,50,0.004863813229571967
2020-05-22,10340,10340,10150,10180,50,-0.014520813165537216
2020-05-25,10220,10270,10165,10270,4817,0.008840864440078589
2020-05-26,10300,10410,10255,10410,320,0.01363193768257065
2020-05-27,10420,10495,10420,10470,50,0.0057636887608070175
2020-05-28,10560,10560,10230,10385,3724,-0.008118433619866305
2020-05-29,10340,10425,10270,10385,320,0.0
2020-06-01,10420,10520,10380,10495,171,0.010592200288878084
2020-06-02,10540,10645,10540,10645,50,0.014292520247737084
2020-06-03,10760,10875,10760,10850,1327,0.019257867543447604
2020-06-04,11010,11030,10850,10885,56,0.003225806451612856
2020-06-05,10905,11090,10865,11080,56,0.017914561322921463
2020-06-08,11220,11220,11005,11050,2571,-0.0027075812274368616
2020-06-09,11205,11225,11065,11225,50,0.015837104072398134
2020-06-10,11205,11225,11170,11225,183,0.0
2020-06-11,11145,11215,11010,11105,60,-0.010690423162583507
2020-06-12,10610,10835,10605,10830,61,-0.02476361999099508
2020-06-15,10760,10775,10235,10235,65,-0.05493998153277935
2020-06-16,10535,10785,10530,10785,3295,0.05373717635564246
2020-06-17,10770,10845,10595,10760,400,-0.0023180343069076903
2020-06-18,10825,10850,10740,10820,30,0.005576208178438735
2020-06-19,10905,10905,10720,10805,50,-0.0013863216266173373
2020-06-22,10750,10795,10720,10745,47,-0.005552984729291999
2020-06-23,10830,10835,10620,10695,32,-0.004653327128897211
2020-06-24,10830,10870,10810,10830,50,0.012622720897615736
2020-06-25,10670,10750,10640,10645,50,-0.017082179132040576
2020-06-26,10755,10755,10635,10665,125,0.0018788163457021945
2020-06-29,10600,10665,10500,10515,50,-0.01406469760900142
2020-06-30,10705,10745,10650,10675,2100,0.015216357584403317
2020-07-01,10705,10735,10590,10610,69,-0.006088992974238927
2020-07-02,10660,10725,10630,10725,65,0.01083883129123464
2020-07-03,10780,10830,10710,10830,30,0.009790209790209836
2020-07-06,10875,10970,10835,10970,8264,0.012927054478301114
2020-07-07,10990,10990,10850,10850,50,-0.010938924339106704
2020-07-08,10865,10890,10785,10805,5803,-0.004147465437787989
2020-07-09,10925,10965,10910,10910,142,0.009717723276261081
2020-07-10,10930,10930,10825,10870,50,-0.0036663611365719273
2020-07-13,10995,11085,10960,11085,59,0.019779208831646633
2020-07-14,11045,11130,11030,11120,50,0.003157419936851591
2020-07-15,11200,11235,11115,11175,4444,0.00494604316546754
2020-07-16,11230,11240,11070,11095,83,-0.007158836689038051
2020-07-17,11170,11215,11130,11190,424102,0.008562415502478604
2020-07-20,11285,11340,11210,11340,147,0.013404825737265424
2020-07-21,11475,11570,11460,11555,18218,0.01895943562610225
2020-07-22,11595,11685,11585,11665,23962,0.009519688446560037
2020-07-23,11730,11730,11630,11685,113,0.0017145306472352573
2020-07-24,11690,11785,11570,11570,1377,-0.009841677364142098
2020-07-27,11700,11730,11630,11665,72,0.00821089023336219
2020-07-28,11765,11815,11675,11780,139,0.009858551221603173
2020-07-29,11860,11905,11775,11825,1278,0.0038200339558573937
2020-07-30,11910,11925,11830,11870,5663,0.0038054968287526414
2020-07-31,11945,11945,11790,11790,55920,-0.006739679865206405
2020-08-03,11810,11810,11670,11745,50,-0.003816793893129722
2020-08-04,11835,11970,11835,11970,75,0.019157088122605304
2020-08-05,12035,12050,11965,12050,7509,0.006683375104427736
2020-08-06,12060,12160,12035,12150,3927,0.008298755186721962
2020-08-07,12185,12230,12055,12145,57,-0.0004115226337448874
2020-08-10,12080,12340,12080,12320,2310,0.014409221902017322
2020-08-11,12430,12485,12425,12455,51,0.010957792207792139
2020-08-12,12440,12445,12290,12445,264,-0.0008028904054596664
2020-08-13,12520,12565,12365,12410,36,-0.0028123744475693213
2020-08-14,12415,12465,12205,12310,37,-0.008058017727639033
2020-08-18,12325,12330,11905,11960,1010,-0.02843216896831846
2020-08-19,12075,12105,11985,12085,50,0.010451505016722429
2020-08-20,11985,12045,11640,11660,62,-0.03516756309474556
2020-08-21,11815,11890,11690,11800,51,0.012006861063464935
2020-08-24,11825,11955,11790,11955,265,0.01313559322033897
2020-08-25,12060,12210,12025,12210,1131,0.02132998745294845
2020-08-26,12215,12230,12045,12230,38,0.0016380016380015405
2020-08-27,12225,12225,12055,12060,30,-0.013900245298446468
2020-08-28,12080,12195,12050,12080,337,0.0016583747927032544
2020-08-31,12265,12300,12160,12250,1620,0.01407284768211925
2020-09-01,12300,12375,12255,12375,3235,0.010204081632652962
2020-09-02,12435,12535,12395,12535,423,0.012929292929293013
2020-09-03,12640,12735,12630,12715,15380,0.014359792580773911
2020-09-04,12285,12660,12285,12660,38,-0.004325599685410908
2020-09-07,12715,12850,12715,12815,15436,0.012243285939968374
2020-09-08,12895,12920,12750,12810,36,-0.0003901677721420693
2020-09-09,12565,12685,12565,12625,37,-0.014441842310694786
2020-09-10,12730,12780,12665,12770,14629,0.011485148514851495
2020-09-11,12740,12810,12700,12810,30,0.003132341425215346
2020-09-14,12890,12930,12860,12930,1896,0.00936768149882905
2020-09-15,12990,12995,12865,12995,23008,0.005027068832173187
2020-09-16,13015,13035,12865,12970,21563,-0.0019238168526356514
2020-09-17,12980,12980,12770,12795,17567,-0.013492675404780274
2020-09-18,12780,12925,12765,12925,50,0.01016021883548257
2020-09-21,12920,12965,12620,12755,9203,-0.013152804642166394
2020-09-22,12635,12635,12305,12335,54,-0.03292826342610744
2020-09-23,12430,12430,12115,12355,50,0.0016214025131739973
2020-09-24,12115,12200,11930,11945,50,-0.0331849453662485
2020-09-25,12025,12060,11905,11950,37,0.0004185851820845965
2020-09-28,12060,12145,12055,12140,99347,0.01589958158995808
2020-09-29,12260,12270,12170,12260,12496,0.009884678747940745
2020-10-05,12295,12425,12265,12410,72,0.012234910277324706
2020-10-06,12445,12470,12355,12425,641,0.001208702659145855
2020-10-07,12370,12580,12370,12580,31,0.01247484909456742
2020-10-08,12655,12655,12570,12655,4861,0.0059618441971383
2020-10-12,12745,12745,12635,12725,30,0.005531410509679979
2020-10-13,12785,12785,12580,12660,263,-0.0051080550098231425
2020-10-14,12690,12690,12560,12580,116,-0.006319115323854652
2020-10-15,12455,12515,12255,12410,37,-0.013513513513513487
2020-10-16,12405,12455,12130,12250,50,-0.012892828364222453
2020-10-19,12330,12390,12220,12270,47,0.0016326530612245094
2020-10-20,12255,12355,12125,12330,121529,0.004889975550122161
2020-10-21,12320,12430,12320,12420,12123,0.007299270072992803
2020-10-22,12415,12415,12295,12335,37,-0.006843800322061222
2020-10-23,12375,12415,12305,12395,2295,0.00486420753952177
2020-10-26,12400,12400,12140,12145,42,-0.020169423154497768
2020-10-27,12080,12220,12020,12075,53,-0.0057636887608069065
2020-10-28,12020,12240,12020,12240,134,0.013664596273291973
2020-10-29,11980,12150,11980,12150,120,-0.007352941176470562
2020-10-30,12135,12170,11910,11935,1463,-0.017695473251028826
2020-11-02,11960,12065,11925,12065,1883,0.010892333472978688
2020-11-03,12175,12370,12175,12370,2916,0.025279734769995788
2020-11-04,12450,12450,12280,12410,1355,0.003233629749393785
2020-11-05,12490,12685,12490,12685,461,0.02215954875100734
2020-11-06,12765,12765,12600,12680,212,-0.00039416633819466806
2020-11-09,12810,12960,12795,12950,50,0.021293375394321856
2020-11-10,12920,13005,12860,13005,217,0.004247104247104172
2020-11-11,12990,13060,12960,12995,50,-0.0007689350249904248
2020-11-12,13060,13065,12930,12970,1345,-0.0019238168526356514
2020-11-13,12985,13155,12895,13155,142,0.014263685427910566
2020-11-16,13245,13435,13245,13435,629,0.021284682630178686
2020-11-17,13505,13505,13345,13400,37,-0.002605135839225947
2020-11-18,13420,13435,13385,13420,10032,0.0014925373134329067
2020-11-19,13360,13395,13305,13395,38659,-0.0018628912071535497
2020-11-20,13410,13510,13360,13505,534,0.008212019410227756
2020-11-23,13535,13740,13535,13740,74342,0.017400962606441972
2020-11-24,13755,13840,13735,13760,446,0.0014556040756914523
2020-11-25,13895,13895,13545,13660,1685,-0.007267441860465129
2020-11-26,13650,13755,13610,13755,35,0.006954612005856564
2020-11-27,13770,13795,13705,13770,363,0.0010905125408942062
2020-11-30,13855,13855,13725,13745,235,-0.0018155410312272746
2020-12-01,13815,13920,13800,13905,69,0.011640596580574814
2020-12-02,13995,14100,13955,14100,33,0.014023732470334505
2020-12-03,14180,14180,14065,14130,127,0.0021276595744681437
2020-12-04,14200,14245,14125,14220,6351,0.006369426751592355
2020-12-07,14220,14230,14095,14200,5429,-0.0014064697609000865
2020-12-08,14205,14245,14010,14010,711,-0.013380281690140827
2020-12-09,14115,14335,14115,14335,123,0.0231977159172021
2020-12-10,14225,14410,14225,14345,2724,0.0006975933031043713
2020-12-11,14405,14500,14390,14495,2277,0.010456605088881243
2020-12-14,14515,14525,14400,14465,190,-0.002069679199724006
2020-12-15,14510,14510,14385,14475,34397,0.0006913238852401804
2020-12-16,14520,14535,14460,14535,1453,0.004145077720207224
2020-12-17,14595,14600,14465,14580,9279,0.003095975232198178
2020-12-18,14610,14640,14525,14625,52,0.0030864197530864335
2020-12-21,14705,14725,14540,14725,51,0.006837606837606813
2020-12-22,14710,14710,14325,14410,20180,-0.02139219015280136
2020-12-23,14480,14490,14265,14415,22089,0.00034698126301169196
2020-12-24,14520,14665,14490,14665,21228,0.01734304543877907
2020-12-28,14755,14755,14600,14640,63,-0.0017047391749062113
2020-12-29,14810,14905,14765,14860,283,0.015027322404371546
2020-12-30,14960,15300,14940,15300,6538,0.02960969044414541
2021-01-04,15390,15625,15300,15625,2031,0.0212418300653594
2021-01-05,15505,15870,15505,15870,33,0.015679999999999916
2021-01-06,15945,15975,15805,15805,122,-0.004095778197857558
2021-01-07,15905,16125,15885,16000,17086,0.012337867763366095
2021-01-08,16265,16525,16135,16525,1086,0.03281249999999991
2021-01-11,16645,16845,16225,16360,291,-0.00998487140695914
2021-01-12,16315,16460,15975,16415,252,0.0033618581907091105
2021-01-13,16420,16535,16360,16405,1399,-0.0006091989034420209
2021-01-14,16465,16525,16400,16420,3738,0.0009143553794574988
2021-01-15,16670,16670,16225,16315,6824,-0.006394640682095054
2021-01-18,16145,16250,15850,15870,5031,-0.02727551333129019
2021-01-19,16040,16365,16000,16340,16451,0.02961562696912412
2021-01-20,16530,16530,16230,16510,11742,0.01040391676866581
2021-01-21,16530,16630,16480,16630,42105,0.00726832222895224
2021-01-22,16790,16825,16565,16665,13625,0.0021046301864100503
2021-01-25,16765,16915,16690,16915,1189,0.015001500150015001
2021-01-26,16950,16950,16505,16560,8898,-0.020987289388117003
2021-01-27,16645,16725,16405,16415,514,-0.008756038647342979
2021-01-28,16190,16360,16090,16165,338,-0.0152299725860493
2021-01-29,16380,16380,15585,15720,41226,-0.02752861119703065
2021-02-01,15645,16055,15595,16055,746,0.021310432569974447
2021-02-02,16130,16400,16070,16210,309,0.009654313298038009
2021-02-03,16430,16465,16210,16465,222,0.01573103022825406
2021-02-04,16430,16430,16180,16290,30,-0.010628606134224117
2021-02-05,16390,16425,16190,16330,329,0.0024554941682013443
2021-02-08,16360,16425,16270,16325,386,-0.0003061849357011148
2021-02-09,16360,16455,16260,16270,554,-0.0033690658499234694
2021-02-10,16250,16395,16125,16360,49,0.005531653349723387
2021-02-15,16565,16655,16525,16655,2610,0.018031784841075815
2021-02-16,16735,16790,16595,16690,2352,0.002101471029720914
2021-02-17,16495,16650,16495,16605,1371,-0.005092869982025183
2021-02-18,16720,16740,16505,16505,312,-0.006022282445046656
2021-02-19,16550,16550,16210,16525,8351,0.0012117540139351402
2021-02-22,16640,16745,16395,16460,259,-0.003933434190620311
2021-02-23,16185,16390,16135,16305,33,-0.00941676792223567
2021-02-24,16355,16390,15860,15860,131,-0.027292241643667614
2021-02-25,16180,16375,16090,16375,385,0.03247162673392179
2021-02-26,15930,16115,15910,16115,104,-0.0158778625954199
2021-03-02,16430,16430,15995,16175,312,0.0037232392181196783
2021-03-03,16130,16330,16130,16330,401,0.009582689335394079
2021-03-04,16095,16225,16055,16160,42,-0.01041028781383957
2021-03-05,15895,16050,15800,16030,59,-0.008044554455445496
2021-03-08,16230,16230,15825,15885,185,-0.009045539613225184
2021-03-09,15835,15835,15450,15705,41,-0.011331444759206777
2021-03-10,15915,15915,15595,15595,86,-0.007004138809296401
2021-03-11,15740,15950,15740,15910,81,0.0201987816607887
2021-03-12,16115,16190,16045,16190,189,0.017598994343180463
2021-03-15,16215,16260,16130,16210,53,0.001235330450895633
2021-03-16,16265,16305,16250,16305,313,0.005860579888957496
2021-03-17,16310,16360,16210,16355,38510,0.0030665440049064685
2021-03-18,16455,16480,16410,16410,22771,0.0033628859675940426
2021-03-19,16215,16350,16215,16300,10786,-0.006703229737964667
2021-03-22,16395,16395,16275,16310,40,0.0006134969325153339
2021-03-23,16455,16455,16150,16150,18,-0.009809932556713696
2021-03-24,16000,16115,15910,16075,118,-0.004643962848297267
2021-03-25,16035,16215,16035,16120,27,0.002799377916018697
2021-03-26,16255,16320,16200,16320,35,0.012406947890818865
2021-03-29,16350,16410,16285,16355,21,0.002144607843137303
2021-03-30,16415,16480,16390,16480,20,0.0076429226536227635
2021-03-31,16515,16540,16480,16500,52,0.0012135922330096527
2021-04-01,16545,16545,16475,16530,133,0.0018181818181817189
2021-04-02,16700,16710,16570,16625,52,0.005747126436781658
2021-04-05,16710,16735,16610,16725,131,0.006015037593984918
2021-04-06,16865,16865,16730,16840,332,0.0068759342301942805
2021-04-07,16785,16855,16780,16840,974,0.0
2021-04-08,16880,16905,16790,16895,30,0.0032660332541567527
2021-04-09,16975,16980,16920,16965,23,0.004143237644273379
2021-04-12,16965,16965,16890,16925,22,-0.0023577954612437058
2021-04-13,16990,17085,16980,17080,27379,0.009158050221565794
2021-04-14,17075,17110,16985,17095,8196,0.0008782201405153067
2021-04-15,17270,17560,16990,17050,10368,-0.002632348639953208
2021-04-16,17145,17145,17065,17125,20,0.004398826979472137
2021-04-19,17225,17245,17100,17215,40227,0.005255474452554809
2021-04-20,17220,17410,17220,17410,20,0.011327330816148784
2021-04-21,17260,17260,17115,17150,32,-0.014933946008041321
2021-04-22,17250,17265,17230,17265,733,0.006705539358600632
2021-04-23,17180,17340,17150,17285,44,0.0011584129742252536
2021-04-26,17335,17440,17290,17400,154,0.00665316748625977
2021-04-27,17490,17490,17400,17485,85,0.004885057471264442
2021-04-28,17500,17500,17200,17240,51,-0.014012010294538135
2021-04-29,17235,17265,17015,17160,50,-0.004640371229698403
2021-04-30,17215,17300,17085,17180,52,0.0011655011655011815
2021-05-03,17060,17240,16955,16955,138,-0.013096623981373678
2021-05-04,16970,16995,16765,16995,26,0.0023591860808021003
2021-05-06,16930,17190,16930,17190,40,0.011473962930273585
2021-05-07,17230,17420,17230,17355,34,0.009598603839441555
2021-05-10,17455,17670,17455,17660,37,0.017574186113511914
2021-05-11,17535,17570,17440,17570,21,-0.005096262740656887
2021-05-12,17565,17585,17205,17345,20,-0.012805919180421177
2021-05-13,17275,17275,17145,17170,10,-0.010089362928797918
2021-05-14,17270,17380,17240,17350,27,0.01048340128130465
2021-05-17,17395,17395,17085,17190,26,-0.009221902017291117
2021-05-18,17275,17400,17260,17385,664,0.011343804537521818
2021-05-20,17330,17355,17315,17350,10,-0.002013229795800986
2021-05-21,17420,17445,17235,17280,29532,-0.004034582132564801
2021-05-24,17200,17245,17100,17120,79187,-0.0092592592592593
2021-05-25,17210,17285,17180,17270,42,0.008761682242990565
2021-05-26,17320,17355,17270,17335,230,0.0037637521713955735
2021-05-27,17360,17470,17290,17410,31,0.004326507066628293
2021-05-28,17475,17610,17455,17545,45,0.007754164273406028
2021-05-31,17655,17700,17570,17700,574,0.008834425762325404
2021-06-01,17690,17795,17665,17720,55343,0.001129943502824915
2021-06-02,17790,17865,17750,17845,44835,0.007054176072234686
2021-06-03,17915,18005,17895,17965,406,0.006724572709442489
2021-06-04,17895,17995,17815,17980,30,0.0008349568605621194
2021-06-07,18025,18045,17905,18040,108,0.0033370411568409697
2021-06-08,18055,18065,17940,17945,1008,-0.005266075388026592
2021-06-09,17940,17940,17800,17800,17203,-0.00808024519364725
2021-06-10,17825,17865,17805,17805,151,0.0002808988764044784
2021-06-11,17945,17945,17875,17935,10,0.007301319853973531
2021-06-14,17865,17870,17835,17865,20887,-0.0039029829941454874
2021-06-15,17955,17960,17920,17955,23,0.005037783375314797
2021-06-16,17970,18075,17885,18070,37988,0.006404901141743302
2021-06-17,17890,17910,17875,17900,5091,-0.009407858328721597
2021-06-18,18015,18045,17970,18035,9879,0.00754189944134076
2021-06-21,17875,17900,17750,17810,1018,-0.012475741613529268
2021-06-22,17885,18005,17885,18000,53,0.01066816395283543
2021-06-23,18075,18075,17935,18000,219,0.0
2021-06-24,18045,18050,17980,18050,20,0.002777777777777768
2021-06-25,18165,18220,18090,18165,477,0.006371191135734033
2021-06-28,18150,18185,18115,18165,45,0.0
2021-06-29,18195,18195,18120,18140,13,-0.0013762730525735956
2021-06-30,18245,18285,18230,18280,76,0.007717750826901959
2021-07-01,18295,18295,18185,18235,1035,-0.002461706783369766
2021-07-02,18205,18315,18205,18260,157,0.0013709898546749866
2021-07-05,18220,18240,18215,18225,70,-0.00191675794085433
2021-07-06,18255,18390,18255,18325,32,0.005486968449931462
2021-07-07,18270,18270,18200,18225,380,-0.00545702592087316
2021-07-08,18320,18320,18050,18050,57,-0.009602194787380003
2021-07-09,17865,17865,17685,17860,38,-0.010526315789473717
2021-07-12,17950,18010,17925,17985,22,0.006998880179171385
2021-07-13,18070,18130,18070,18120,20,0.007506255212677226
2021-07-14,18035,18135,18015,18135,21,0.0008278145695364003
2021-07-15,18195,18295,18185,18295,10041,0.008822718500137938
2021-07-16,18315,18330,18195,18300,462,0.0002732987154960842
2021-07-19,18165,18165,18085,18145,296,-0.0084699453551913
2021-07-20,17980,18085,17965,18080,21,-0.003582254064480539
2021-07-21,18115,18115,17960,17960,23,-0.006637168141592875
2021-07-22,18070,18115,18070,18115,5828,0.008630289532294055
2021-07-23,18215,18250,18145,18215,17895,0.005520287054926909
2021-07-26,18200,18200,18010,18010,38,-0.01125446060938784
2021-07-27,18170,18205,18095,18095,20,0.00471960022209883
2021-07-28,18130,18160,17965,18095,20,0.0
2021-07-29,18160,18170,18105,18170,367,0.004144791378833945
2021-07-30,18120,18160,18020,18045,21,-0.006879471656576763
2021-08-02,18040,18040,17890,18000,59,-0.0024937655860348684
2021-08-03,18080,18090,17970,18090,460,0.004999999999999893
2021-08-04,18125,18335,18125,18335,76,0.01354339414040906
2021-08-05,18370,18395,18300,18370,328,0.0019089173711481777
2021-08-06,18405,18405,18255,18315,1030,-0.0029940119760478723
2021-08-09,18270,18270,18195,18215,20,-0.005460005460005468
2021-08-10,18175,18175,17990,18015,2449,-0.010979961570134478
2021-08-11,17965,18090,17915,17915,41,-0.005550929780738234
2021-08-12,17910,17965,17870,17900,39,-0.0008372871895060419
2021-08-13,17825,17825,17440,17560,23,-0.018994413407821265
2021-08-17,17605,17605,17205,17265,295,-0.01679954441913445
2021-08-18,17195,17420,17100,17380,27094,0.006660874601795541
2021-08-19,17230,17345,16860,16860,49,-0.029919447640966657
2021-08-20,16915,16940,16470,16500,54519,-0.02135231316725983
2021-08-23,16745,16925,16585,16835,39,0.020303030303030267
2021-08-24,17040,17285,17035,17280,6825,0.026433026433026363
2021-08-25,17370,17385,17250,17380,3140,0.0057870370370369795
2021-08-26,17365,17395,17240,17240,20,-0.008055235903337121
2021-08-27,17155,17385,17155,17320,20,0.004640371229698292
2021-08-30,17495,17495,17400,17455,20,0.007794457274826749
2021-08-31,17555,17700,17435,17700,96,0.014036092810083112
2021-09-01,17685,17850,17685,17845,240,0.00819209039548019
2021-09-02,17770,17800,17720,17720,20,-0.007004763239002565
2021-09-03,17845,17900,17820,17870,20,0.008465011286681756
2021-09-06,17820,17940,17815,17940,20,0.003917179630665846
2021-09-07,17925,17945,17905,17945,19,0.0002787068004459492
2021-09-08,17915,18010,17915,17940,12,-0.00027862914460852206
2021-09-09,17855,17920,17715,17725,5,-0.011984392419175038
2021-09-10,17830,17885,17710,17870,20,0.008180535966149538
2021-09-13,17825,17915,17785,17885,20,0.0008393956351426812
2021-09-14,17910,18025,17910,17940,9333,0.0030752026838132274
2021-09-15,17960,18000,17905,17945,48,0.0002787068004459492
2021-09-16,18015,18015,17880,17895,892,-0.0027862914460852206
2021-09-17,17945,18030,17885,18030,21,0.007544006705783701
2021-09-23,17815,17900,17770,17855,3595,-0.009706045479755954
2021-09-24,18005,18055,17890,17920,5378,0.003640436852422324
2021-09-27,17880,17985,17870,17960,20,0.0022321428571427937
2021-09-28,17930,17935,17730,17735,31,-0.01252783964365256
2021-09-29,17410,17500,17300,17480,56,-0.014378347899633548
2021-09-30,17540,17635,17525,17555,22,0.004290617848970335
2021-10-01,17370,17410,17200,17205,326,-0.019937339789233843
2021-10-05,17020,17030,16720,16925,293,-0.016274338854983972
2021-10-06,17140,17150,16545,16545,350,-0.022451994091580496
2021-10-07,16735,16890,16660,16890,46,0.020852221214868516
2021-10-08,16950,16950,16825,16875,20,-0.000888099467140302
2021-10-12,16820,16820,16620,16660,21,-0.01274074074074072
2021-10-13,16690,16885,16690,16870,20,0.012605042016806678
2021-10-14,17080,17215,17075,17215,37,0.020450503852993407
2021-10-15,17365,17405,17280,17395,20,0.010455997676444895
2021-10-18,17415,17435,17310,17400,20,0.00028743891922955456
2021-10-19,17410,17440,17360,17400,11852,0.0
2021-10-20,17545,17550,17305,17355,23,-0.002586206896551757
2021-10-21,17380,17385,17245,17270,1005,-0.004897723998847581
2021-10-22,17210,17275,17170,17185,1551,-0.004921829762594143
2021-10-25,17145,17300,17115,17290,34,0.006109979633401208
2021-10-26,17400,17435,17370,17415,20,0.007229612492770432
2021-10-27,17410,17410,17245,17270,23,-0.008326155612977337
2021-10-28,17245,17290,17155,17155,20,-0.006658946149391998
2021-10-29,17285,17320,16965,17050,6020,-0.0061206645292917194
2021-11-01,17090,17100,16975,16975,449,-0.004398826979472137
2021-11-02,17150,17295,17150,17240,22,0.015611192930780504
2021-11-03,17310,17310,17025,17050,21,-0.011020881670533611
2021-11-04,17210,17230,17085,17105,20,0.003225806451612856
2021-11-05,17225,17225,16945,17000,20,-0.0061385559777842325
2021-11-08,17000,17080,16915,17080,20,0.004705882352941115
2021-11-09,17090,17090,16960,17015,20,-0.0038056206088993294
2021-11-10,16890,16920,16695,16730,20,-0.016749926535409965
2021-11-11,16570,16695,16570,16625,20,-0.006276150627615107
2021-11-12,16710,16940,16690,16925,51,0.018045112781954975
2021-11-15,17040,17160,16985,17080,11806,0.009158050221565794
2021-11-16,17025,17110,17005,17070,20,-0.0005854800936767601
2021-11-17,17045,17045,16915,16915,1398,-0.009080257762155819
2021-11-18,16860,16925,16805,16855,2193,-0.003547147502216963
2021-11-19,16840,16965,16840,16935,1456,0.004746366063482554
2021-11-22,17100,17185,17060,17170,20,0.013876586950103409
2021-11-23,17165,17205,17060,17095,22,-0.004368083867210215
2021-11-24,17140,17155,16965,17070,20,-0.001462415911085091
2021-11-25,17005,17005,16885,16885,20,-0.010837727006444031
2021-11-26,16865,16890,16535,16550,20,-0.019840094758661553
2021-11-29,16215,16415,16215,16295,25,-0.015407854984894276
2021-11-30,16590,16590,15825,15925,82,-0.022706351641607836
2021-12-01,15840,16255,15840,16255,160,0.02072213500784925
2021-12-02,16095,16465,16095,16465,20,0.01291910181482625
2021-12-03,16520,16720,16455,16705,20,0.01457637412693602
2021-12-06,16550,16790,16520,16745,24,0.002394492666866199
2021-12-07,16790,16915,16750,16895,20,0.00895789787996426
2021-12-08,17035,17100,16890,16915,20,0.0011837821840781082
2021-12-09,17060,17060,16950,17040,42,0.0073898906296185896
2021-12-10,17000,17040,16975,16990,22,-0.002934272300469498
2021-12-13,17050,17125,16940,16940,20,-0.002942907592701549
2021-12-14,16870,16965,16820,16875,3551,-0.003837072018890164
2021-12-15,16810,16900,16810,16885,20,0.0005925925925927
2021-12-16,17025,17025,16875,16920,1578,0.0020728457210541507
2021-12-17,16850,17040,16850,17040,665,0.007092198581560183
2021-12-20,16995,16995,16800,16810,20,-0.013497652582159625
2021-12-21,16865,16875,16730,16870,20,0.0035693039857227493
2021-12-22,16970,16980,16885,16980,38,0.00652045050385297
2021-12-23,17060,17060,16965,17010,21,0.0017667844522968323
2021-12-24,17060,17160,17060,17125,20,0.006760728982951214
2021-12-27,17145,17155,17010,17070,656,-0.0032116788321168155
2021-12-28,17105,17155,17030,17155,20,0.004979496192149879
2021-12-29,17315,17355,17290,17310,20,0.009035266686097332
2021-12-30,17320,17335,17225,17280,105,-0.0017331022530329143
2022-01-03,17415,17415,17310,17360,20,0.004629629629629539
2022-01-04,17400,17445,17300,17445,73,0.004896313364055382
2022-01-05,17440,17440,17205,17290,354,-0.008885067354542864
2022-01-06,17065,17225,17045,17060,40,-0.01330248698669756
2022-01-07,17150,17240,17150,17210,21,0.008792497069167737
2022-01-10,17240,17240,17015,17105,20,-0.006101104009296865
2022-01-11,17120,17120,16945,16995,40,-0.006430868167202619
2022-01-12,17080,17210,17080,17210,11704,0.012650779641070864
2022-01-13,17270,17270,17170,17195,30,-0.0008715862870424251
2022-01-14,17130,17130,17020,17070,20,-0.007269555103227687
2022-01-17,17015,17015,16835,16880,23,-0.011130638547158789
2022-01-18,16860,16925,16620,16645,21875,-0.013921800947867324
2022-01-19,16455,16650,16420,16485,1479,-0.009612496245118618
2022-01-20,16570,16655,16465,16655,157,0.010312405216863718
2022-01-21,16510,16510,16350,16425,21,-0.013809666766736672
2022-01-24,16315,16315,16070,16110,3367,-0.019178082191780854
2022-01-25,16090,16090,15625,15700,21,-0.025450031036623244
2022-01-26,15645,15820,15630,15630,5020,-0.004458598726114649
2022-01-27,15705,15705,15055,15100,13909,-0.03390914907229692
2022-01-28,15130,15560,15015,15545,49,0.029470198675496606
2022-02-03,15845,15930,15835,15845,20,0.01929880990672239
2022-02-04,15870,16135,15870,16135,21,0.018302303565793654
2022-02-07,16160,16160,15985,16120,22,-0.0009296560272699095
2022-02-08,16210,16270,16015,16080,41,-0.002481389578163795
2022-02-09,16220,16325,16205,16325,6180,0.015236318407960248
2022-02-10,16410,16410,16330,16360,20,0.0021439509954057634
2022-02-11,16230,16305,16130,16170,22,-0.011613691931540382
2022-02-14,15975,15975,15785,15830,20,-0.021026592455163917
2022-02-15,15850,15850,15570,15615,41,-0.013581806696146503
2022-02-16,15890,16015,15890,16015,2899,0.025616394492475214
2022-02-17,16060,16245,15870,16070,5910,0.0034342803621605356
2022-02-18,15900,16135,15900,16135,24989,0.004044803982576228
2022-02-21,15940,16155,15915,16155,2321,0.0012395413696932867
2022-02-22,15895,16010,15860,15900,41,-0.01578458681522743
2022-02-23,16005,16055,15950,16055,20,0.009748427672956028
2022-02-24,15895,15895,15640,15640,52,-0.025848645281843607
2022-02-25,15845,15940,15810,15865,77,0.014386189258311921
2022-02-28,15825,16005,15825,16005,20,0.008824456350456922
2022-03-02,16020,16145,16015,16100,20,0.005935645110902943
2022-03-03,16255,16360,16255,16360,21,0.016149068322981464
2022-03-04,16330,16330,16170,16235,33,-0.007640586797066029
2022-03-07,16050,16050,15860,15895,20,-0.020942408376963373
2022-03-08,15715,15800,15645,15645,72,-0.0157282164202579
2022-03-10,15930,15985,15895,15965,20,0.02045381911153732
2022-03-11,15970,15975,15880,15975,21,0.0006263701847792902
2022-03-14,16000,16000,15730,15790,29125,-0.011580594679186262
2022-03-15,15675,15755,15645,15645,42,-0.009183027232425589
2022-03-16,15825,15885,15745,15885,10127,0.015340364333652934
2022-03-17,16100,16120,16035,16065,10232,0.011331444759206777
2022-03-18,16095,16125,16030,16125,20,0.0037348272642390157
2022-03-21,16185,16185,16045,16055,17453,-0.004341085271317824
2022-03-22,16075,16190,16075,16190,20,0.008408595453129886
2022-03-23,16295,16320,16240,16310,558,0.0074119827053735765
2022-03-24,16220,16335,16185,16335,20,0.001532801961986463
2022-03-25,16410,16410,16325,16325,20,-0.0006121824303642054
2022-03-28,16305,16350,16250,16315,23,-0.000612557427258853
2022-03-29,16405,16405,16315,16345,21,0.0018387986515475685
2022-03-30,16420,16425,16350,16380,331,0.0021413276231263545
2022-03-31,16365,16485,16365,16485,22,0.0064102564102563875
2022-04-01,16435,16435,16365,16410,22,-0.0045495905368516665
2022-04-04,16350,16525,16350,16525,20,0.007007921998781308
2022-04-05,16520,16575,16520,16570,50,0.002723146747352523
2022-04-06,16455,16500,16415,16440,21,-0.007845503922751962
2022-04-07,16365,16365,16235,16270,20,-0.010340632603406341
2022-04-08,16315,16315,16195,16265,214,-0.0003073140749846326
2022-04-11,16235,16305,16175,16200,20,-0.003996311097448468
2022-04-12,16070,16105,16000,16070,50,-0.008024691358024638
2022-04-13,16150,16345,16125,16345,21,0.0171126322339763
2022-04-14,16355,16405,16340,16405,1478,0.0036708473539308617
2022-04-15,16335,16345,16290,16335,20,-0.004266991770801587
2022-04-18,16320,16370,16320,16335,20,0.0
2022-04-19,16400,16480,16400,16480,24549,0.008876645240281533
2022-04-20,16575,16575,16410,16540,20,0.00364077669902918
2022-04-21,16635,16635,16545,16610,1402,0.004232164449818665
2022-04-22,16545,16545,16405,16510,20,-0.006020469596628497
2022-04-25,16300,16315,16140,16165,18690,-0.020896426408237412
2022-04-26,16210,16230,16165,16195,12022,0.0018558614290133946
2022-04-27,15855,16035,15855,16035,2016,-0.009879592466810694
2022-04-28,16180,16180,16015,16095,20,0.00374181478016844
2022-04-29,16200,16325,16200,16325,22,0.01429015222118668
2022-05-02,16150,16330,16150,16330,21,0.0003062787136294265
2022-05-03,16350,16440,16330,16330,22,0.0
2022-05-04,16410,16410,16250,16285,20,-0.0027556644213104775
2022-05-06,16100,16165,16070,16130,20,-0.009517961314092771
2022-05-09,16055,16055,15770,15785,20,-0.021388716676999375
2022-05-10,15565,15725,15405,15710,85,-0.00475134621476081
2022-05-11,15655,15720,15640,15665,20,-0.002864417568427702
2022-05-12,15520,15655,15365,15370,20,-0.018831790616023025
2022-05-13,15440,15670,15440,15670,20,0.01951854261548469
2022-05-16,15715,15755,15680,15720,20,0.0031908104658582293
2022-05-17,15695,15850,15695,15830,12451,0.006997455470737934
2022-05-18,15940,15950,15815,15845,2270,0.0009475679090333866
2022-05-19,15460,15715,15460,15640,29941,-0.01293783527926795
2022-05-20,15720,15855,15720,15835,7974,0.012468030690537146
2022-05-23,15935,15935,15810,15875,20,0.002526049889485238
2022-05-24,15845,15845,15605,15605,20,-0.017007874015747992
2022-05-25,15675,15695,15585,15620,20,0.000961230374879829
2022-05-26,15640,15745,15545,15570,20,-0.003201024327784907
2022-05-27,15750,15750,15700,15705,21,0.00867052023121384
2022-05-30,15870,15960,15870,15920,21,0.013689907672715718
2022-05-31,15945,16005,15905,16005,279,0.005339195979899403
2022-06-02,15930,15940,15890,15900,602,-0.006560449859418949
2022-06-03,16010,16010,15940,15970,20,0.00440251572327055
2022-06-07,15935,15935,15725,15725,20,-0.015341264871634341
2022-06-08,15770,15775,15690,15690,26,-0.0022257551669316866
2022-06-09,15600,15650,15540,15635,20,-0.0035054174633524227
2022-06-10,15480,15545,15465,15525,39580,-0.007035497281739689
2022-06-13,15145,15145,14865,14865,20,-0.04251207729468598
2022-06-14,14555,14785,14555,14750,26225,-0.007736293306424447
2022-06-15,14660,14660,14330,14385,20,-0.02474576271186446
2022-06-16,14575,14740,14425,14430,21,0.0031282586027112647
2022-06-17,14060,14340,14060,14310,10681,-0.008316008316008316
2022-06-20,14360,14360,13800,13905,23,-0.028301886792452824
2022-06-21,13920,14110,13915,14040,20,0.009708737864077666
2022-06-22,14130,14130,13565,13565,21,-0.033831908831908786
2022-06-23,13535,13585,13205,13205,27,-0.026538886841135256
2022-06-24,13180,13650,13180,13630,30,0.03218477849299517
2022-06-27,13765,14005,13675,13935,20,0.022377109317681665
2022-06-28,13950,14060,13905,14060,20,0.008970218873340485
2022-06-29,13865,13975,13865,13925,20,-0.009601706970128077
2022-06-30,13875,13875,13655,13655,509,-0.019389587073608605
2022-07-01,13690,13730,13410,13480,36,-0.012815818381545219
2022-07-04,13515,13540,13240,13375,21,-0.007789317507418403
2022-07-05,13445,13635,13445,13635,20,0.01943925233644861
2022-07-06,13670,13670,13420,13420,20,-0.0157682434910158
2022-07-07,13520,13680,13520,13655,20,0.017511177347242946
2022-07-08,13730,13815,13725,13725,21,0.0051263273526180875
2022-07-11,13780,13800,13675,13675,20,-0.0036429872495445936
2022-07-12,13635,13635,13380,13440,20,-0.017184643510054887
2022-07-13,13485,13595,13475,13560,21,0.008928571428571397
2022-07-14,13485,13655,13485,13575,20,0.0011061946902655162
2022-07-15,13645,13650,13445,13650,20,0.005524861878453136
2022-07-18,13770,13945,13770,13945,28,0.021611721611721535
2022-07-19,13870,13970,13870,13970,20,0.0017927572606668551
2022-07-20,14170,14170,14015,14030,21,0.0042949176807445255
2022-07-21,14055,14100,14040,14095,2047,0.004632929436920952
2022-07-22,14125,14180,14060,14065,27607,-0.0021284143313231585
2022-07-25,14020,14135,14020,14100,20,0.0024884464984002985
2022-07-26,14080,14175,14080,14165,20,0.004609929078014163
2022-07-27,14150,14195,14075,14195,23,0.002117896223085003
2022-07-28,14325,14330,14275,14285,93,0.006340260655160357
2022-07-29,14375,14410,14325,14410,32,0.008750437521876098
2022-08-01,14385,14475,14385,14435,525,0.001734906315058904
2022-08-02,14405,14430,14305,14380,20,-0.0038101835815725904
2022-08-03,14335,14470,14335,14470,22,0.006258692628650975
2022-08-04,14570,14570,14500,14515,20,0.0031098825155493337
2022-08-05,14590,14615,14545,14600,21,0.005856011023079644
2022-08-08,14600,14620,14525,14620,20,0.00136986301369868
2022-08-09,14620,14620,14500,14615,49,-0.0003419972640218427
2022-08-10,14540,14575,14525,14530,20,-0.00581594252480333
2022-08-11,14675,14765,14660,14765,21,0.016173434273915932
2022-08-12,14745,14835,14745,14835,20,0.004740941415509736
2022-08-16,14910,14940,14875,14880,9640,0.0030333670374114163
2022-08-17,14895,14895,14735,14750,20,-0.008736559139784994
2022-08-18,14680,14760,14605,14745,27,-0.0003389830508474523
2022-08-19,14770,14770,14645,14645,23531,-0.006781959986436048
2022-08-22,14500,14515,14425,14430,20,-0.014680778422669905
